value,date
9248.9,2008-12-04
9248.9,2008-12-05
9178.3,2008-12-06
9130.5,2008-12-07
9089.2,2008-12-08
9023.7,2008-12-10
8973.3,2008-12-13
8907.0,2008-12-14
8890.7,2008-12-15
8869.0,2008-12-16
8857.1,2008-12-20
8851.6,2008-12-21
8832.2,2008-12-22
8803.4,2008-12-23
8795.7,2008-12-24
8786.7,2008-12-27
8757.8,2008-12-28
8726.9,2008-12-29
8695.0,2008-12-30
8656.3,2008-12-31
8641.8,2009-01-03
8619.6,2009-01-04
8596.4,2009-01-05
8575.7,2009-01-10
8542.0,2009-01-11
8519.0,2009-01-12
8463.7,2009-01-13
8456.9,2009-01-14
8458.1,2009-01-17
8459.9,2009-01-18
8467.4,2009-01-19
8496.9,2009-01-20
8514.3,2009-01-21
8553.7,2009-01-24
8519.1,2009-01-25
8507.3,2009-01-26
8509.1,2009-01-27
8505.6,2009-01-28
8508.3,2009-01-31
8491.8,2009-02-01
8496.2,2009-02-02
8483.4,2009-02-03
8466.4,2009-02-04
8451.3,2009-02-07
8438.0,2009-02-08
8423.7,2009-02-09
8430.0,2009-02-11
8420.0,2009-02-14
8412.7,2009-02-15
8390.2,2009-02-17
8376.6,2009-02-18
8355.9,2009-02-21
8297.0,2009-02-22
8266.2,2009-02-23
8248.9,2009-02-25
8243.2,2009-02-28
8226.8,2009-03-01
8216.1,2009-03-02
8200.9,2009-03-03
8185.3,2009-03-04
8133.5,2009-03-07
8111.2,2009-03-08
8096.0,2009-03-09
8126.5,2009-03-10
8130.4,2009-03-11
8120.3,2009-03-14
7977.1,2009-03-16
7972.3,2009-03-17
7966.5,2009-03-18
7965.6,2009-03-25
7965.8,2009-03-28
7955.4,2009-03-29
7970.3,2009-03-30
7988.7,2009-03-31
8001.6,2009-04-04
8006.0,2009-04-05
8049.0,2009-04-06
8077.9,2009-04-07
8111.1,2009-04-08
8153.5,2009-04-11
8175.9,2009-04-12
8203.6,2009-04-13
8252.4,2009-04-14
8251.6,2009-04-15
8290.4,2009-04-18
8348.0,2009-04-19
8431.2,2009-04-20
8434.9,2009-04-21
8476.4,2009-04-22
8469.1,2009-04-25
8502.6,2009-04-26
8518.1,2009-04-27
8527.8,2009-04-28
8535.0,2009-04-29
8548.3,2009-05-02
8584.6,2009-05-03
8638.3,2009-05-04
8699.5,2009-05-05
8774.2,2009-05-06
8872.4,2009-05-09
8930.4,2009-05-10
8989.5,2009-05-11
8968.3,2009-05-12
8932.1,2009-05-13
8888.0,2009-05-16
8919.4,2009-05-17
8963.8,2009-05-18
8956.3,2009-05-19
9000.8,2009-05-20
9042.1,2009-05-23
9019.5,2009-05-24
8971.1,2009-05-25
8934.6,2009-05-26
8953.7,2009-05-27
9001.3,2009-05-30
9000.6,2009-05-31
9006.3,2009-06-01
9032.3,2009-06-02
9081.7,2009-06-03
9121.3,2009-06-06
9195.1,2009-06-07
9235.5,2009-06-08
9278.5,2009-06-09
9343.3,2009-06-10
9365.4,2009-06-13
9310.3,2009-06-14
9299.0,2009-06-15
9271.1,2009-06-16
9247.2,2009-06-17
9247.7,2009-06-20
9258.4,2009-06-21
9251.8,2009-06-22
9340.0,2009-06-23
9338.6,2009-06-24
9342.6,2009-06-27
9353.7,2009-06-28
9360.1,2009-06-29
9387.6,2009-06-30
9471.0,2009-07-01
9470.4,2009-07-04
9452.7,2009-07-05
9457.9,2009-07-07
9438.5,2009-07-11
9415.8,2009-07-12
9352.8,2009-07-13
9374.0,2009-07-14
9394.6,2009-07-15
9394.6,2009-07-16
9442.2,2009-07-18
9474.5,2009-07-19
9511.1,2009-07-21
9522.2,2009-07-22
9522.9,2009-07-25
9530.3,2009-07-26
9703.7,2009-07-27
9727.1,2009-07-28
9765.6,2009-07-29
9811.2,2009-08-01
9831.2,2009-08-02
9835.0,2009-08-03
9861.1,2009-08-04
9904.4,2009-08-05
9999.0,2009-08-08
10044.0,2009-08-09
10114.2,2009-08-10
10139.4,2009-08-11
10194.0,2009-08-12
10250.8,2009-08-15
10333.2,2009-08-16
10405.4,2009-08-17
10442.5,2009-08-18
10472.4,2009-08-19
10555.4,2009-08-22
10612.2,2009-08-23
10686.1,2009-08-24
10983.6,2009-08-25
11576.9,2009-08-26
11734.4,2009-08-29
11693.5,2009-08-30
11688.3,2009-08-31
11741.0,2009-09-01
11747.2,2009-09-02
11678.5,2009-09-05
11634.5,2009-09-06
11589.7,2009-09-07
11639.0,2009-09-08
11696.5,2009-09-09
11696.5,2009-09-12
11638.4,2009-09-13
11598.7,2009-09-14
11523.6,2009-09-15
11461.1,2009-09-16
11437.0,2009-09-19
11437.0,2009-09-20
11451.8,2009-09-21
11479.8,2009-09-22
11583.0,2009-09-23
11620.4,2009-09-26
11588.2,2009-09-27
11559.1,2009-09-28
11555.0,2009-09-29
11535.8,2009-09-30
11657.3,2009-10-03
11717.3,2009-10-04
11738.2,2009-10-05
11792.8,2009-10-06
11891.1,2009-10-07
11957.9,2009-10-10
11925.4,2009-10-11
11912.3,2009-10-12
11918.3,2009-10-13
11917.8,2009-10-17
11914.1,2009-10-18
11976.4,2009-10-19
12077.3,2009-10-20
12176.3,2009-10-21
12242.8,2009-10-24
12325.8,2009-10-25
12342.6,2009-10-26
12345.1,2009-10-27
12408.4,2009-10-28
12482.4,2009-10-31
12545.0,2009-11-01
12529.5,2009-11-02
12483.6,2009-11-03
12506.0,2009-11-04
12576.9,2009-11-07
12565.9,2009-11-08
12581.5,2009-11-09
12426.1,2009-11-10
12381.4,2009-11-11
12403.1,2009-11-14
12361.7,2009-11-15
12325.4,2009-11-16
12241.9,2009-11-17
12176.4,2009-11-18
12086.7,2009-11-21
12003.0,2009-11-22
11996.3,2009-11-23
12072.6,2009-11-24
12113.4,2009-11-25
12027.6,2009-11-29
11964.9,2009-11-30
11928.9,2009-12-01
11914.6,2009-12-02
11905.0,2009-12-05
11944.5,2009-12-07
11909.6,2009-12-08
11836.3,2009-12-09
11753.1,2009-12-12
11677.4,2009-12-13
11629.1,2009-12-14
11362.5,2009-12-15
11265.3,2009-12-16
11209.6,2009-12-19
11255.7,2009-12-20
11274.9,2009-12-21
11234.6,2009-12-22
11221.3,2009-12-23
11196.9,2009-12-28
11178.5,2009-12-29
11207.5,2009-12-30
11295.2,2010-01-02
11351.1,2010-01-03
11305.1,2010-01-04
11307.4,2010-01-05
11375.4,2010-01-06
11449.6,2010-01-09
11592.3,2010-01-10
11656.8,2010-01-11
11646.2,2010-01-12
11599.9,2010-01-13
11614.9,2010-01-16
11620.7,2010-01-17
11584.0,2010-01-18
11569.2,2010-01-19
11569.2,2010-01-20
11617.8,2010-01-23
11684.9,2010-01-24
11705.1,2010-01-25
11752.5,2010-01-26
11802.9,2010-01-27
11750.1,2010-01-30
11724.7,2010-01-31
11709.6,2010-02-01
11721.3,2010-02-02
11751.7,2010-02-03
11715.5,2010-02-06
11686.3,2010-02-07
11666.8,2010-02-08
11660.7,2010-02-09
11694.1,2010-02-10
11760.0,2010-02-14
11789.7,2010-02-16
11774.2,2010-02-17
11819.0,2010-02-20
11929.0,2010-02-21
12008.6,2010-02-22
12010.2,2010-02-23
11993.2,2010-02-24
11963.5,2010-02-27
12009.0,2010-02-28
12048.9,2010-03-01
12111.1,2010-03-02
12133.4,2010-03-03
12221.3,2010-03-06
12248.9,2010-03-07
12307.2,2010-03-08
12429.1,2010-03-09
12446.8,2010-03-10
12440.5,2010-03-13
12549.1,2010-03-14
12533.6,2010-03-15
12499.7,2010-03-16
12536.7,2010-03-17
12613.9,2010-03-27
12732.1,2010-03-28
12823.9,2010-03-29
12867.0,2010-03-30
12945.0,2010-03-31
13135.7,2010-04-03
13320.1,2010-04-04
13317.0,2010-04-05
13476.5,2010-04-06
13681.2,2010-04-07
13754.0,2010-04-10
13802.6,2010-04-11
13832.8,2010-04-12
13904.0,2010-04-13
13903.4,2010-04-14
13815.7,2010-04-17
13935.0,2010-04-18
14138.3,2010-04-19
14185.7,2010-04-20
14129.2,2010-04-21
14079.9,2010-04-24
14053.3,2010-04-25
14129.0,2010-04-26
14139.4,2010-04-27
14012.5,2010-04-28
14136.7,2010-05-01
14085.9,2010-05-02
14012.6,2010-05-03
14036.7,2010-05-04
13944.8,2010-05-05
13920.5,2010-05-08
14014.3,2010-05-09
14099.5,2010-05-10
14131.7,2010-05-11
14105.3,2010-05-12
14096.1,2010-05-15
14138.8,2010-05-16
14156.7,2010-05-18
14155.6,2010-05-19
14117.2,2010-05-22
14080.5,2010-05-23
14115.5,2010-05-24
14184.3,2010-05-25
14153.8,2010-05-26
14119.9,2010-05-29
14087.6,2010-05-30
14038.3,2010-05-31
14109.0,2010-06-01
14182.4,2010-06-02
14164.7,2010-06-06
14135.3,2010-06-07
14148.8,2010-06-08
14055.1,2010-06-09
14114.9,2010-06-12
14180.3,2010-06-13
14288.5,2010-06-14
14394.2,2010-06-15
14372.0,2010-06-16
14340.6,2010-06-19
14280.9,2010-06-20
14257.0,2010-06-21
14350.6,2010-06-22
14489.4,2010-06-23
14503.0,2010-06-27
14500.9,2010-06-28
14545.3,2010-06-29
14552.3,2010-06-30
14561.1,2010-07-03
14504.2,2010-07-04
14553.2,2010-07-05
14571.6,2010-07-06
14718.8,2010-07-07
14883.4,2010-07-11
14981.5,2010-07-12
15005.9,2010-07-13
15080.4,2010-07-14
15118.0,2010-07-17
15189.0,2010-07-18
15244.8,2010-07-19
15344.6,2010-07-20
15360.7,2010-07-21
15455.4,2010-07-24
15660.9,2010-07-25
15746.5,2010-07-26
15794.1,2010-07-28
15840.5,2010-07-31
15870.0,2010-08-01
16078.1,2010-08-02
16281.7,2010-08-03
16317.9,2010-08-04
16606.1,2010-08-07
16625.9,2010-08-08
16674.4,2010-08-09
16841.4,2010-08-10
16995.1,2010-08-11
16864.6,2010-08-14
16701.1,2010-08-15
16766.9,2010-08-16
16910.8,2010-08-17
17009.6,2010-08-18
16974.6,2010-08-21
16957.6,2010-08-22
17116.7,2010-08-23
17152.7,2010-08-24
17233.1,2010-08-25
17401.0,2010-08-28
17767.8,2010-08-29
17938.0,2010-08-30
17955.7,2010-08-31
18315.8,2010-09-04
18636.1,2010-09-05
18648.2,2010-09-06
18458.9,2010-09-07
18429.6,2010-09-08
18533.4,2010-09-12
18533.7,2010-09-13
18543.1,2010-09-14
18555.7,2010-09-15
18657.7,2010-09-18
18487.6,2010-09-19
18303.3,2010-09-20
18413.0,2010-09-21
18548.6,2010-09-22
18673.3,2010-09-25
18527.8,2010-09-26
18405.6,2010-09-27
18535.3,2010-09-28
18671.3,2010-09-29
18790.4,2010-10-02
18762.4,2010-10-03
18749.9,2010-10-05
18871.8,2010-10-06
18937.7,2010-10-09
18642.0,2010-10-10
18564.0,2010-10-11
18283.0,2010-10-12
17902.5,2010-10-13
17973.1,2010-10-16
18111.1,2010-10-17
18343.8,2010-10-18
18292.9,2010-10-19
18229.5,2010-10-20
18324.6,2010-10-23
18163.7,2010-10-24
18035.9,2010-10-25
18006.1,2010-10-26
17956.4,2010-10-27
18034.9,2010-10-30
18011.0,2010-10-31
17972.9,2010-11-01
17960.5,2010-11-02
17976.7,2010-11-03
18089.8,2010-11-06
18015.9,2010-11-07
17969.5,2010-11-08
18038.5,2010-11-09
18113.4,2010-11-10
18044.3,2010-11-13
18042.1,2010-11-14
18035.6,2010-11-15
18021.0,2010-11-16
18062.5,2010-11-20
18133.7,2010-11-21
18257.8,2010-11-22
18226.6,2010-11-23
18289.2,2010-11-24
18427.7,2010-11-27
18404.5,2010-11-28
18284.7,2010-11-29
18242.6,2010-11-30
18280.0,2010-12-01
18292.4,2010-12-04
18319.3,2010-12-05
18291.9,2010-12-06
18317.3,2010-12-07
18371.2,2010-12-08
18460.3,2010-12-11
18443.7,2010-12-12
18414.7,2010-12-13
18414.3,2010-12-14
18366.4,2010-12-18
18203.4,2010-12-19
18249.7,2010-12-20
18353.1,2010-12-21
18398.9,2010-12-22
18585.8,2010-12-25
18723.1,2010-12-26
18689.0,2010-12-27
18771.4,2010-12-28
18855.2,2010-12-29
18849.1,2011-01-01
18898.1,2011-01-02
19021.0,2011-01-03
19200.4,2011-01-04
19361.5,2011-01-05
19451.5,2011-01-08
19699.9,2011-01-09
19690.9,2011-01-10
19778.6,2011-01-11
19759.1,2011-01-12
19705.3,2011-01-15
19830.6,2011-01-16
19904.7,2011-01-17
19937.9,2011-01-18
20206.6,2011-01-19
20352.7,2011-01-22
20416.0,2011-01-23
20462.6,2011-01-24
20684.8,2011-01-26
20905.9,2011-01-29
20877.6,2011-01-30
20997.1,2011-01-31
21349.4,2011-02-01
21810.7,2011-02-05
21840.0,2011-02-06
21944.4,2011-02-07
21867.4,2011-02-08
21929.0,2011-02-09
22000.5,2011-02-12
22136.5,2011-02-13
22260.4,2011-02-14
22270.4,2011-02-15
22188.3,2011-02-16
22090.3,2011-02-19
21762.2,2011-02-20
21739.4,2011-02-22
21749.5,2011-02-23
21867.9,2011-02-26
21900.5,2011-02-27
21663.3,2011-02-28
21472.9,2011-03-01
21694.0,2011-03-02
21843.2,2011-03-05
21929.3,2011-03-06
21891.8,2011-03-07
22033.2,2011-03-08
22062.6,2011-03-09
21895.2,2011-03-12
22008.8,2011-03-13
22236.9,2011-03-14
22455.7,2011-03-15
22803.8,2011-03-16
23294.9,2011-03-19
23756.3,2011-03-26
24199.8,2011-03-27
24287.8,2011-03-28
24486.6,2011-03-29
24486.0,2011-03-30
24543.6,2011-04-03
25023.3,2011-04-04
25550.4,2011-04-05
25885.1,2011-04-06
26222.7,2011-04-09
26002.6,2011-04-10
26145.2,2011-04-11
26412.7,2011-04-12
26541.9,2011-04-13
26675.9,2011-04-16
26446.6,2011-04-17
26429.2,2011-04-18
26215.4,2011-04-19
26481.5,2011-04-20
26610.1,2011-04-23
26539.7,2011-04-24
26261.5,2011-04-25
26273.6,2011-04-26
25781.8,2011-04-27
25321.7,2011-04-30
24685.3,2011-05-01
25037.7,2011-05-02
25211.2,2011-05-03
25520.2,2011-05-04
25366.6,2011-05-08
25752.7,2011-05-09
26041.7,2011-05-10
26002.8,2011-05-11
26033.6,2011-05-14
25908.5,2011-05-15
25759.7,2011-05-16
25773.4,2011-05-17
25940.8,2011-05-18
26155.6,2011-05-21
26055.5,2011-05-22
26059.8,2011-05-23
25861.9,2011-05-24
25290.7,2011-05-25
25043.4,2011-05-28
24600.6,2011-05-29
24865.3,2011-05-30
25120.9,2011-05-31
25291.8,2011-06-06
25123.1,2011-06-07
25286.5,2011-06-08
25245.1,2011-06-11
25121.7,2011-06-12
25237.5,2011-06-13
25043.3,2011-06-14
24854.8,2011-06-15
25187.4,2011-06-18
25214.1,2011-06-19
25120.9,2011-06-20
25181.6,2011-06-21
25126.1,2011-06-22
25023.5,2011-06-25
24674.9,2011-06-26
24148.6,2011-06-27
24180.5,2011-06-28
24503.5,2011-06-29
24742.2,2011-07-02
24742.7,2011-07-03
24698.3,2011-07-04
24816.6,2011-07-05
24801.1,2011-07-06
24716.9,2011-07-09
24541.1,2011-07-10
24503.8,2011-07-11
24387.1,2011-07-12
24286.7,2011-07-13
24348.9,2011-07-16
24460.7,2011-07-18
24494.6,2011-07-19
24602.0,2011-07-20
24809.6,2011-07-23
25181.7,2011-07-24
25325.4,2011-07-25
25434.6,2011-07-26
25471.8,2011-07-27
25297.8,2011-07-30
25110.8,2011-07-31
25270.0,2011-08-01
25284.5,2011-08-02
25316.3,2011-08-03
25008.1,2011-08-06
24923.6,2011-08-07
24970.8,2011-08-08
24596.7,2011-08-09
24875.8,2011-08-10
24997.0,2011-08-13
25092.8,2011-08-14
25059.3,2011-08-15
25090.5,2011-08-16
25237.6,2011-08-17
25231.6,2011-08-20
25217.0,2011-08-21
25389.3,2011-08-23
25475.7,2011-08-24
25555.6,2011-08-27
25475.1,2011-08-28
25621.7,2011-08-29
25822.0,2011-08-30
26083.4,2011-09-03
26254.6,2011-09-04
26360.8,2011-09-05
26714.7,2011-09-06
26930.2,2011-09-07
27098.4,2011-09-10
27099.9,2011-09-11
27058.9,2011-09-12
26933.1,2011-09-13
26836.3,2011-09-14
26855.0,2011-09-17
26885.0,2011-09-18
26866.9,2011-09-19
26847.4,2011-09-20
26962.2,2011-09-21
26764.8,2011-09-25
26571.9,2011-09-26
26692.9,2011-09-27
26792.7,2011-09-28
26708.2,2011-10-01
26672.7,2011-10-02
26663.6,2011-10-03
26756.3,2011-10-04
26863.5,2011-10-05
26912.8,2011-10-08
26868.8,2011-10-09
26819.4,2011-10-10
26903.0,2011-10-11
26844.2,2011-10-12
26668.3,2011-10-15
26291.2,2011-10-16
26159.4,2011-10-17
26158.8,2011-10-18
26207.7,2011-10-19
26150.8,2011-10-22
26049.6,2011-10-23
25875.0,2011-10-24
25924.8,2011-10-25
25915.4,2011-10-26
25953.3,2011-10-29
25911.3,2011-10-30
25910.0,2011-10-31
25924.9,2011-11-01
26001.5,2011-11-02
25874.2,2011-11-05
25589.5,2011-11-06
25328.6,2011-11-08
25394.2,2011-11-09
25462.7,2011-11-12
25372.6,2011-11-13
25366.6,2011-11-14
25366.4,2011-11-16
25366.7,2011-11-19
25298.3,2011-11-20
25207.2,2011-11-21
24881.0,2011-11-22
24568.2,2011-11-23
24468.2,2011-11-26
24056.4,2011-11-27
23977.7,2011-11-28
24089.2,2011-11-29
24016.5,2011-11-30
24116.6,2011-12-03
24356.9,2011-12-04
24662.6,2011-12-07
24688.2,2011-12-10
24546.3,2011-12-11
24554.9,2011-12-12
24618.1,2011-12-13
24590.7,2011-12-14
24528.3,2011-12-17
24604.0,2011-12-18
24638.2,2011-12-19
24588.5,2011-12-20
24494.0,2011-12-21
24456.7,2011-12-24
24455.1,2011-12-25
24377.3,2011-12-26
24327.2,2011-12-27
24320.8,2011-12-28
24403.1,2011-12-31
24400.9,2012-01-01
24323.7,2012-01-02
24507.0,2012-01-03
24839.1,2012-01-04
24887.9,2012-01-07
24854.9,2012-01-08
25082.7,2012-01-09
25207.4,2012-01-10
25440.3,2012-01-11
25755.3,2012-01-15
25903.4,2012-01-16
25692.8,2012-01-17
25811.2,2012-01-18
25772.3,2012-01-21
25620.7,2012-01-23
25540.5,2012-01-25
25723.0,2012-01-28
25931.3,2012-01-29
25912.9,2012-01-30
25913.8,2012-01-31
25878.2,2012-02-01
25907.0,2012-02-04
25717.6,2012-02-05
25579.8,2012-02-06
25436.6,2012-02-07
25371.7,2012-02-08
25320.7,2012-02-12
25279.8,2012-02-13
24946.4,2012-02-14
24829.3,2012-02-15
24848.9,2012-02-18
24878.3,2012-02-19
24923.2,2012-02-20
25035.2,2012-02-21
25012.6,2012-02-22
24936.1,2012-02-25
24976.9,2012-02-26
25098.4,2012-02-27
25244.4,2012-02-28
25354.5,2012-02-29
25365.5,2012-03-03
25417.9,2012-03-04
25320.1,2012-03-05
25307.9,2012-03-06
25400.2,2012-03-07
25457.6,2012-03-10
25491.1,2012-03-11
25300.0,2012-03-12
25265.3,2012-03-13
25481.5,2012-03-14
25607.2,2012-03-17
25905.6,2012-03-18
26280.5,2012-03-24
26502.3,2012-03-25
26408.7,2012-03-26
26533.0,2012-03-27
26576.2,2012-03-28
26484.8,2012-04-02
26327.0,2012-04-03
26300.3,2012-04-04
26383.4,2012-04-07
26491.8,2012-04-08
26482.6,2012-04-09
26664.1,2012-04-10
26757.8,2012-04-11
26896.8,2012-04-14
27281.2,2012-04-15
27245.6,2012-04-16
27185.6,2012-04-17
27259.9,2012-04-18
27211.7,2012-04-21
27169.3,2012-04-22
27085.3,2012-04-23
27129.9,2012-04-24
27010.1,2012-04-28
26953.8,2012-04-29
26960.0,2012-04-30
26969.8,2012-05-01
26964.8,2012-05-02
26935.7,2012-05-05
26932.2,2012-05-06
26886.3,2012-05-07
26870.5,2012-05-08
26871.9,2012-05-09
26743.8,2012-05-12
26658.0,2012-05-13
26715.2,2012-05-14
26677.3,2012-05-15
26652.6,2012-05-16
26652.1,2012-05-19
26667.7,2012-05-20
26845.8,2012-05-21
26912.7,2012-05-22
27091.2,2012-05-23
26909.5,2012-05-26
26905.0,2012-05-27
26848.7,2012-05-28
26803.6,2012-05-29
26755.9,2012-05-30
26735.4,2012-06-02
26693.0,2012-06-05
26635.6,2012-06-06
26365.2,2012-06-09
26264.8,2012-06-10
26411.8,2012-06-11
26440.5,2012-06-12
26439.1,2012-06-13
26406.7,2012-06-16
26325.5,2012-06-17
26291.8,2012-06-19
26165.9,2012-06-20
25938.1,2012-06-23
25681.1,2012-06-24
25558.4,2012-06-25
25325.0,2012-06-26
25054.6,2012-06-27
25170.7,2012-06-30
25227.2,2012-07-01
25345.5,2012-07-02
25438.0,2012-07-03
25428.5,2012-07-04
25445.5,2012-07-07
25354.3,2012-07-08
25279.2,2012-07-09
25307.5,2012-07-10
25388.1,2012-07-11
25431.5,2012-07-14
25296.1,2012-07-15
25159.7,2012-07-16
25021.3,2012-07-17
25039.2,2012-07-18
25021.2,2012-07-21
24996.0,2012-07-22
25029.5,2012-07-23
25094.3,2012-07-24
25088.8,2012-07-25
25023.3,2012-07-28
24747.4,2012-07-29
24550.4,2012-07-30
24584.0,2012-07-31
24546.7,2012-08-01
24332.6,2012-08-04
24108.5,2012-08-05
24001.0,2012-08-06
23855.1,2012-08-07
23787.3,2012-08-08
23957.2,2012-08-11
24024.2,2012-08-12
24049.7,2012-08-13
24102.1,2012-08-14
24125.3,2012-08-15
24144.7,2012-08-18
24279.1,2012-08-21
24339.2,2012-08-22
24523.2,2012-08-25
24586.5,2012-08-26
24649.0,2012-08-27
24730.1,2012-09-02
25055.0,2012-09-03
25384.0,2012-09-04
25659.9,2012-09-05
25791.9,2012-09-08
25569.2,2012-09-09
25735.1,2012-09-10
25889.2,2012-09-11
26283.7,2012-09-15
26217.2,2012-09-16
26470.6,2012-09-17
26556.9,2012-09-18
26514.5,2012-09-19
26875.3,2012-09-22
27127.1,2012-09-23
27080.7,2012-09-24
27440.1,2012-09-25
28132.2,2012-09-26
28828.7,2012-09-29
29207.1,2012-09-30
28788.8,2012-10-01
28667.1,2012-10-02
29098.5,2012-10-03
28862.9,2012-10-06
28858.6,2012-10-07
29014.1,2012-10-08
29032.5,2012-10-09
28845.7,2012-10-10
28557.9,2012-10-13
28656.1,2012-10-14
28981.3,2012-10-15
29248.2,2012-10-16
29502.0,2012-10-17
29992.6,2012-10-20
30211.4,2012-10-21
30671.6,2012-10-22
30615.7,2012-10-23
30749.3,2012-10-24
31121.7,2012-10-27
31160.1,2012-10-28
31221.5,2012-10-29
31331.6,2012-10-30
31082.4,2012-10-31
31205.2,2012-11-04
30736.6,2012-11-05
30940.3,2012-11-06
31282.9,2012-11-07
31220.1,2012-11-10
31015.6,2012-11-11
30978.8,2012-11-12
31215.0,2012-11-13
31336.4,2012-11-14
31260.3,2012-11-17
31271.2,2012-11-18
31096.5,2012-11-19
31140.9,2012-11-20
31259.5,2012-11-21
31608.9,2012-11-26
32018.1,2012-11-27
32339.5,2012-11-28
32741.5,2012-12-01
33113.5,2012-12-02
33015.7,2012-12-03
33073.4,2012-12-04
33282.0,2012-12-05
33659.9,2012-12-08
33612.6,2012-12-09
33760.8,2012-12-10
33889.4,2012-12-11
33687.0,2012-12-12
33949.3,2012-12-15
34090.9,2012-12-16
34669.5,2012-12-17
35106.2,2012-12-18
35760.3,2012-12-19
36040.5,2012-12-22
36829.3,2012-12-23
37530.7,2012-12-24
37366.4,2012-12-25
37798.8,2012-12-26
37622.4,2012-12-29
37116.3,2012-12-30
37860.6,2012-12-31
37987.0,2013-01-01
37648.5,2013-01-02
37059.0,2013-01-06
37077.0,2013-01-07
37314.9,2013-01-08
37441.5,2013-01-09
37786.2,2013-01-13
38082.8,2013-01-14
38322.5,2013-01-15
38343.6,2013-01-16
37898.8,2013-01-19
37627.5,2013-01-20
37284.0,2013-01-21
36594.0,2013-01-22
37233.7,2013-01-23
37409.4,2013-01-26
36723.3,2013-01-27
36674.7,2013-01-28
36554.9,2013-01-30
36801.4,2013-02-02
36761.1,2013-02-03
36447.0,2013-02-04
36505.6,2013-02-05
36913.3,2013-02-06
38205.4,2013-02-09
38394.3,2013-02-11
38640.1,2013-02-12
38611.4,2013-02-13
38655.0,2013-02-16
38710.3,2013-02-17
38739.4,2013-02-18
38550.8,2013-02-19
38479.2,2013-02-20
38325.8,2013-02-23
37931.1,2013-02-24
37350.6,2013-02-25
37573.7,2013-02-26
37811.6,2013-02-27
37437.2,2013-03-02
37156.1,2013-03-03
37135.9,2013-03-04
36950.6,2013-03-05
36925.1,2013-03-06
36585.5,2013-03-09
37101.0,2013-03-10
37193.6,2013-03-11
37268.4,2013-03-12
37998.7,2013-03-13
37854.8,2013-03-16
37516.1,2013-03-17
38040.8,2013-03-18
38602.6,2013-03-25
39351.1,2013-03-26
39741.8,2013-03-27
39714.9,2013-03-30
39990.2,2013-03-31
40151.1,2013-04-03
40134.3,2013-04-06
39915.6,2013-04-07
40068.0,2013-04-08
40606.6,2013-04-09
40533.0,2013-04-10
40255.1,2013-04-13
40621.0,2013-04-15
40834.9,2013-04-16
40747.6,2013-04-17
40550.8,2013-04-20
40506.0,2013-04-21
41133.0,2013-04-22
41583.8,2013-04-23
42052.4,2013-04-24
42334.2,2013-04-27
42507.7,2013-04-28
43192.3,2013-04-29
43994.3,2013-04-30
44537.1,2013-05-01
44993.5,2013-05-04
44897.9,2013-05-05
44943.7,2013-05-06
44707.4,2013-05-07
44683.9,2013-05-08
45091.4,2013-05-11
45512.7,2013-05-12
44963.3,2013-05-13
44129.0,2013-05-14
43864.3,2013-05-15
43301.0,2013-05-18
42795.5,2013-05-19
43047.3,2013-05-20
42855.7,2013-05-21
42777.2,2013-05-22
43485.2,2013-05-25
43910.7,2013-05-26
44107.4,2013-05-27
44470.7,2013-05-28
45162.2,2013-05-29
44945.1,2013-06-01
45247.8,2013-06-02
45590.0,2013-06-03
45488.2,2013-06-08
45199.1,2013-06-09
45206.5,2013-06-10
45553.4,2013-06-11
45671.9,2013-06-12
46623.0,2013-06-15
47817.9,2013-06-16
48333.3,2013-06-17
48783.0,2013-06-18
48916.7,2013-06-19
48539.3,2013-06-22
48631.1,2013-06-23
48634.0,2013-06-25
49427.4,2013-06-26
50471.1,2013-06-29
51321.3,2013-06-30
52244.1,2013-07-01
51846.3,2013-07-02
52735.2,2013-07-03
54289.7,2013-07-06
54768.6,2013-07-07
54616.0,2013-07-08
54534.2,2013-07-09
55069.7,2013-07-10
54744.0,2013-07-13
54298.7,2013-07-14
54509.3,2013-07-15
54235.9,2013-07-16
54433.6,2013-07-17
54872.3,2013-07-20
55101.0,2013-07-21
55329.3,2013-07-22
55942.4,2013-07-23
56426.3,2013-07-24
56290.3,2013-07-27
56551.9,2013-07-28
56400.2,2013-07-29
57168.2,2013-07-31
57397.2,2013-08-03
57264.4,2013-08-04
57415.9,2013-08-05
57674.8,2013-08-06
58142.6,2013-08-07
58889.9,2013-08-11
59608.5,2013-08-12
59754.8,2013-08-13
59610.2,2013-08-14
60410.3,2013-08-17
59938.6,2013-08-18
60052.2,2013-08-19
59568.0,2013-08-20
59281.6,2013-08-21
59552.8,2013-08-24
61163.5,2013-08-25
60675.7,2013-08-26
60002.4,2013-08-27
58727.3,2013-08-28
58561.0,2013-08-31
59057.0,2013-09-01
58962.9,2013-09-03
58146.1,2013-09-04
57491.6,2013-09-07
57198.1,2013-09-08
57035.4,2013-09-09
58190.4,2013-09-10
59164.6,2013-09-11
59117.4,2013-09-14
59401.5,2013-09-15
59347.7,2013-09-16
60056.4,2013-09-17
60964.1,2013-09-18
62053.2,2013-09-21
61707.2,2013-09-22
62904.8,2013-09-23
63010.2,2013-09-24
63455.3,2013-09-25
64695.4,2013-09-28
65328.8,2013-09-29
65720.0,2013-09-30
66350.0,2013-10-01
66506.3,2013-10-02
66662.5,2013-10-05
66997.7,2013-10-06
67019.0,2013-10-07
67505.3,2013-10-08
68461.5,2013-10-09
69703.5,2013-10-12
70951.5,2013-10-13
71471.8,2013-10-14
72766.5,2013-10-15
74400.2,2013-10-19
73335.6,2013-10-20
73636.1,2013-10-21
72997.7,2013-10-22
73030.7,2013-10-23
73549.8,2013-10-26
72201.0,2013-10-27
72215.0,2013-10-28
73167.4,2013-10-29
73553.2,2013-10-30
73504.8,2013-11-02
73766.2,2013-11-03
73733.6,2013-11-04
74438.1,2013-11-05
75868.9,2013-11-06
76959.9,2013-11-09
77118.9,2013-11-10
76895.9,2013-11-11
76932.9,2013-11-12
77673.0,2013-11-16
77214.2,2013-11-17
77328.1,2013-11-18
78142.0,2013-11-19
78424.1,2013-11-20
78874.5,2013-11-23
80022.2,2013-11-24
81186.8,2013-11-25
81549.5,2013-11-26
82129.8,2013-11-27
83572.5,2013-11-30
84384.9,2013-12-01
83706.5,2013-12-02
83775.6,2013-12-03
84211.4,2013-12-04
84659.4,2013-12-07
85149.9,2013-12-08
85310.4,2013-12-09
85962.2,2013-12-10
86511.2,2013-12-11
85691.1,2013-12-14
87024.1,2013-12-15
88112.5,2013-12-16
87646.1,2013-12-17
87726.2,2013-12-18
86957.1,2013-12-21
87015.5,2013-12-22
88113.7,2013-12-24
88190.7,2013-12-25
87691.7,2013-12-28
87425.2,2013-12-29
87451.9,2013-12-30
88313.4,2014-01-01
88926.7,2014-01-04
89500.6,2014-01-05
89355.7,2014-01-06
88749.3,2014-01-07
88069.0,2014-01-08
87792.7,2014-01-11
85404.1,2014-01-12
87112.9,2014-01-13
87102.6,2014-01-14
85700.6,2014-01-15
84973.2,2014-01-18
83641.5,2014-01-20
83252.4,2014-01-21
82028.8,2014-01-22
82670.3,2014-01-25
81905.6,2014-01-26
80861.4,2014-01-27
81644.4,2014-01-28
82797.7,2014-01-29
84164.7,2014-02-01
83606.5,2014-02-02
83165.0,2014-02-03
83170.6,2014-02-04
82214.3,2014-02-05
81066.8,2014-02-08
80949.5,2014-02-09
80240.3,2014-02-10
79136.6,2014-02-12
79153.1,2014-02-15
79769.2,2014-02-16
80603.0,2014-02-17
80435.7,2014-02-18
80986.5,2014-02-19
81325.0,2014-02-22
81281.6,2014-02-23
80849.8,2014-02-24
80087.4,2014-02-25
79785.5,2014-02-26
80105.0,2014-03-01
79584.1,2014-03-02
78518.8,2014-03-03
78072.6,2014-03-04
78447.2,2014-03-05
78231.0,2014-03-08
77515.6,2014-03-09
77219.5,2014-03-10
76582.7,2014-03-11
76583.4,2014-03-12
77191.3,2014-03-15
77816.2,2014-03-16
78430.8,2014-03-17
78968.1,2014-03-18
79015.4,2014-03-19
79013.5,2014-03-25
78619.4,2014-03-26
78239.7,2014-03-29
78469.2,2014-03-30
78741.3,2014-03-31
78547.7,2014-04-05
77634.7,2014-04-06
77418.6,2014-04-07
77817.5,2014-04-08
77423.9,2014-04-09
76501.8,2014-04-12
74920.7,2014-04-13
73973.4,2014-04-14
73847.6,2014-04-15
74161.2,2014-04-16
73637.8,2014-04-19
74160.0,2014-04-20
75035.3,2014-04-21
75735.2,2014-04-22
75980.5,2014-04-23
77404.1,2014-04-26
77923.6,2014-04-27
78131.1,2014-04-28
78151.3,2014-04-29
78164.3,2014-04-30
77939.0,2014-05-03
77569.2,2014-05-04
77763.8,2014-05-05
77717.3,2014-05-06
77752.4,2014-05-07
77931.0,2014-05-10
77734.2,2014-05-11
77596.4,2014-05-12
77610.2,2014-05-14
76901.8,2014-05-17
76987.5,2014-05-18
76528.9,2014-05-19
76634.4,2014-05-20
76767.6,2014-05-21
76703.9,2014-05-24
76394.2,2014-05-25
76212.0,2014-05-26
76067.8,2014-05-28
75687.1,2014-05-31
74543.4,2014-06-01
74735.9,2014-06-02
75102.8,2014-06-03
75329.5,2014-06-07
75353.5,2014-06-08
75240.5,2014-06-09
74836.7,2014-06-10
74499.1,2014-06-11
73516.0,2014-06-14
72631.8,2014-06-15
72748.8,2014-06-16
72638.0,2014-06-17
72873.1,2014-06-18
72969.0,2014-06-21
72900.8,2014-06-22
72544.9,2014-06-23
72344.4,2014-06-24
72249.9,2014-06-25
71662.0,2014-06-28
70970.3,2014-06-29
70341.5,2014-06-30
70423.0,2014-07-01
70876.6,2014-07-02
72162.2,2014-07-05
71960.2,2014-07-06
71916.6,2014-07-07
73025.0,2014-07-08
73416.4,2014-07-09
73555.9,2014-07-12
73226.2,2014-07-13
73347.4,2014-07-14
73457.9,2014-07-15
73754.2,2014-07-16
73750.2,2014-07-20
73890.5,2014-07-21
74526.1,2014-07-22
74841.6,2014-07-23
74840.3,2014-07-26
74848.0,2014-07-27
74997.6,2014-07-28
74841.0,2014-08-02
74637.4,2014-08-03
74709.2,2014-08-04
74697.5,2014-08-05
74613.8,2014-08-06
74398.6,2014-08-09
74398.9,2014-08-10
74547.5,2014-08-11
74455.1,2014-08-12
74363.0,2014-08-13
74051.0,2014-08-16
73952.6,2014-08-17
73906.8,2014-08-18
73902.6,2014-08-19
73905.7,2014-08-20
73868.0,2014-08-23
73529.5,2014-08-24
73499.9,2014-08-25
73540.9,2014-08-26
73312.2,2014-08-27
72941.8,2014-08-30
72778.4,2014-08-31
72339.8,2014-09-01
72232.4,2014-09-02
72121.5,2014-09-03
71822.4,2014-09-06
71665.4,2014-09-07
71815.2,2014-09-08
71930.1,2014-09-09
71925.4,2014-09-10
71486.0,2014-09-13
71386.7,2014-09-14
71402.3,2014-09-15
71408.3,2014-09-16
71443.6,2014-09-17
71445.0,2014-09-20
71545.3,2014-09-21
71685.8,2014-09-22
71726.5,2014-09-23
71788.1,2014-09-24
71702.2,2014-09-27
71643.7,2014-09-28
71675.2,2014-09-29
71664.0,2014-09-30
71640.5,2014-10-01
71670.1,2014-10-04
71821.5,2014-10-06
71718.9,2014-10-07
71783.7,2014-10-08
71771.7,2014-10-11
71791.5,2014-10-12
71893.1,2014-10-14
71978.6,2014-10-15
72016.5,2014-10-18
72281.0,2014-10-19
73550.4,2014-10-20
74109.1,2014-10-21
74132.8,2014-10-22
74152.0,2014-10-25
73940.8,2014-10-26
73958.9,2014-10-27
73967.8,2014-10-28
74151.1,2014-10-29
75028.0,2014-11-01
75368.6,2014-11-02
76166.6,2014-11-05
76420.5,2014-11-08
76553.4,2014-11-09
76560.8,2014-11-10
76708.0,2014-11-11
76589.4,2014-11-12
75946.5,2014-11-15
75930.8,2014-11-16
75965.9,2014-11-17
75409.4,2014-11-18
75248.4,2014-11-19
75042.6,2014-11-22
75389.6,2014-11-23
75949.0,2014-11-24
74740.9,2014-11-25
74076.1,2014-11-26
73245.1,2014-11-29
72189.5,2014-11-30
72120.7,2014-12-01
72258.5,2014-12-02
71860.2,2014-12-03
71712.0,2014-12-06
71170.0,2014-12-07
71376.6,2014-12-08
71381.7,2014-12-09
71043.0,2014-12-10
70291.6,2014-12-14
69542.6,2014-12-15
69608.6,2014-12-16
69494.8,2014-12-17
69537.5,2014-12-20
70094.4,2014-12-22
70153.5,2014-12-24
69705.0,2014-12-27
69625.5,2014-12-28
69424.0,2014-12-29
69254.5,2014-12-30
68973.1,2014-12-31
68829.9,2015-01-03
68650.6,2015-01-04
68232.1,2015-01-05
67471.0,2015-01-06
66902.0,2015-01-07
66197.9,2015-01-10
65512.8,2015-01-11
66000.1,2015-01-12
65929.1,2015-01-13
65939.1,2015-01-14
66273.3,2015-01-17
66319.2,2015-01-18
65835.0,2015-01-19
65564.7,2015-01-20
65028.9,2015-01-21
65029.1,2015-01-24
65105.0,2015-01-25
65114.1,2015-01-26
65127.7,2015-01-27
65256.1,2015-01-28
65542.8,2015-01-31
65544.7,2015-02-01
65555.9,2015-02-02
65597.4,2015-02-03
65771.6,2015-02-04
65787.2,2015-02-07
65366.3,2015-02-08
64917.5,2015-02-09
64840.9,2015-02-10
64932.1,2015-02-14
64926.8,2015-02-15
64993.6,2015-02-16
64811.2,2015-02-17
64720.0,2015-02-18
64867.1,2015-02-21
64719.9,2015-02-22
64678.4,2015-02-23
64525.8,2015-02-24
64051.7,2015-02-25
63950.9,2015-02-28
63860.1,2015-03-01
63954.8,2015-03-02
63996.0,2015-03-03
64014.9,2015-03-04
63911.1,2015-03-07
63806.7,2015-03-08
63846.7,2015-03-09
63852.8,2015-03-10
64070.7,2015-03-11
64610.3,2015-03-14
64980.6,2015-03-15
65122.8,2015-03-16
61532.9,2015-03-17
62531.8,2015-03-18
62885.0,2015-03-25
63625.5,2015-03-28
65099.9,2015-03-29
65175.1,2015-03-30
65728.0,2015-03-31
67827.0,2015-04-04
70261.7,2015-04-05
70843.9,2015-04-06
70159.9,2015-04-07
70684.7,2015-04-08
70022.8,2015-04-11
68783.9,2015-04-12
68454.1,2015-04-13
68465.3,2015-04-14
68078.8,2015-04-15
67374.0,2015-04-18
67378.8,2015-04-19
67016.7,2015-04-20
66828.6,2015-04-21
66569.2,2015-04-22
66540.6,2015-04-25
66208.9,2015-04-26
65576.8,2015-04-27
65508.2,2015-04-28
65634.1,2015-04-29
65088.3,2015-05-03
64415.8,2015-05-04
64168.1,2015-05-05
64069.1,2015-05-06
63530.2,2015-05-09
62885.9,2015-05-10
63069.8,2015-05-11
63316.0,2015-05-12
63531.4,2015-05-13
63465.1,2015-05-17
63522.8,2015-05-18
63644.3,2015-05-19
63703.1,2015-05-20
63427.8,2015-05-23
63363.8,2015-05-24
63496.5,2015-05-25
63419.1,2015-05-26
63402.1,2015-05-27
63419.9,2015-05-30
63227.9,2015-05-31
63227.0,2015-06-01
63289.8,2015-06-02
63297.6,2015-06-06
63187.3,2015-06-07
62952.3,2015-06-08
62317.9,2015-06-09
62322.2,2015-06-10
62571.2,2015-06-13
62653.3,2015-06-14
62442.0,2015-06-15
62558.9,2015-06-16
63559.7,2015-06-17
63836.2,2015-06-20
63810.7,2015-06-21
64276.5,2015-06-22
64839.5,2015-06-23
64857.6,2015-06-24
64812.2,2015-06-27
64301.4,2015-06-28
64332.9,2015-06-29
64922.6,2015-06-30
64861.8,2015-07-01
65860.8,2015-07-04
65780.1,2015-07-05
66019.9,2015-07-06
66761.4,2015-07-07
66817.8,2015-07-11
67646.4,2015-07-12
69194.5,2015-07-13
69433.5,2015-07-14
68827.7,2015-07-15
68827.7,2015-07-19
68148.4,2015-07-20
68050.7,2015-07-21
67643.9,2015-07-22
67036.3,2015-07-25
66977.4,2015-07-26
66441.4,2015-07-27
66489.5,2015-07-28
66780.7,2015-07-29
66829.7,2015-08-01
66530.5,2015-08-02
66626.7,2015-08-03
66445.7,2015-08-04
66451.0,2015-08-05
66000.9,2015-08-08
65973.5,2015-08-09
65903.1,2015-08-10
65703.3,2015-08-12
65314.3,2015-08-15
65239.9,2015-08-16
65302.5,2015-08-17
65189.4,2015-08-18
65218.3,2015-08-19
65225.0,2015-08-22
64881.4,2015-08-23
64651.6,2015-08-24
64197.3,2015-08-25
64206.2,2015-08-26
64451.3,2015-08-29
64467.3,2015-08-30
64225.8,2015-08-31
64251.0,2015-09-01
64276.2,2015-09-02
64497.0,2015-09-05
64506.6,2015-09-06
64518.4,2015-09-07
64511.7,2015-09-08
63467.7,2015-09-09
63482.5,2015-09-12
62958.2,2015-09-13
62993.0,2015-09-14
62536.5,2015-09-15
62264.5,2015-09-16
62254.7,2015-09-19
61553.2,2015-09-20
61328.0,2015-09-21
61576.8,2015-09-22
61686.0,2015-09-23
61530.9,2015-09-26
61563.0,2015-09-27
61568.9,2015-09-28
61578.8,2015-09-29
61498.3,2015-09-30
61217.4,2015-10-03
61163.7,2015-10-04
61233.6,2015-10-05
61209.8,2015-10-06
61389.8,2015-10-07
61396.9,2015-10-10
61287.1,2015-10-11
61296.6,2015-10-12
61434.4,2015-10-13
61973.3,2015-10-14
62799.1,2015-10-17
63071.4,2015-10-18
63126.7,2015-10-19
63142.0,2015-10-20
63175.0,2015-10-21
62792.8,2015-10-25
62803.3,2015-10-26
62923.0,2015-10-27
62923.7,2015-10-28
62948.6,2015-10-31
62942.7,2015-11-01
62855.7,2015-11-02
62811.6,2015-11-03
62927.4,2015-11-04
63000.4,2015-11-07
62999.2,2015-11-08
63035.7,2015-11-09
63044.3,2015-11-10
63056.4,2015-11-11
63070.6,2015-11-14
63083.5,2015-11-15
63108.6,2015-11-16
63013.6,2015-11-17
62871.3,2015-11-18
62889.0,2015-11-21
62923.9,2015-11-22
62795.7,2015-11-23
62720.9,2015-11-24
62734.6,2015-11-25
62635.4,2015-11-28
62639.1,2015-11-29
62647.7,2015-11-30
62550.0,2015-12-01
62577.1,2015-12-05
62420.2,2015-12-06
62374.8,2015-12-07
62392.4,2015-12-08
62409.8,2015-12-09
62310.7,2015-12-13
62216.3,2015-12-14
62233.3,2015-12-15
62147.3,2015-12-16
61734.0,2015-12-19
61501.5,2015-12-20
61518.5,2015-12-21
61414.2,2015-12-22
61420.7,2015-12-23
61436.9,2015-12-26
61455.3,2015-12-27
61469.3,2015-12-28
61691.0,2015-12-30
61700.1,2016-01-02
61710.2,2016-01-03
61728.1,2016-01-04
62055.9,2016-01-05
62632.8,2016-01-06
62655.0,2016-01-09
62461.0,2016-01-10
62788.7,2016-01-11
62841.2,2016-01-12
63516.9,2016-01-13
64860.9,2016-01-16
65424.1,2016-01-17
65119.5,2016-01-18
66118.1,2016-01-19
66562.5,2016-01-20
66960.4,2016-01-23
67740.1,2016-01-24
68857.5,2016-01-25
70999.5,2016-01-26
71011.0,2016-01-27
71393.9,2016-01-30
71118.8,2016-01-31
72912.8,2016-02-01
73725.5,2016-02-02
73684.0,2016-02-03
74103.6,2016-02-06
74569.4,2016-02-07
75783.8,2016-02-08
78199.1,2016-02-09
77497.9,2016-02-10
76594.2,2016-02-13
76709.5,2016-02-14
77377.5,2016-02-15
77141.6,2016-02-16
77888.0,2016-02-17
77560.9,2016-02-20
77234.9,2016-02-21
77587.7,2016-02-22
77704.0,2016-02-23
77840.2,2016-02-24
78228.3,2016-02-27
77733.8,2016-02-28
77539.2,2016-02-29
77648.8,2016-03-01
77697.8,2016-03-02
78022.2,2016-03-05
78093.0,2016-03-06
78158.4,2016-03-07
78220.0,2016-03-08
78312.1,2016-03-09
79366.5,2016-03-12
80236.7,2016-03-14
80037.5,2016-03-15
80219.4,2016-03-16
81200.3,2016-03-26
81261.0,2016-03-27
80935.7,2016-03-28
80561.3,2016-03-29
81480.4,2016-03-30
81536.9,2016-04-02
80852.7,2016-04-03
80872.1,2016-04-04
80965.8,2016-04-05
80752.7,2016-04-06
80654.0,2016-04-09
80280.7,2016-04-10
80262.4,2016-04-11
80109.3,2016-04-12
79588.3,2016-04-13
77984.8,2016-04-16
77516.2,2016-04-17
78435.4,2016-04-18
78430.9,2016-04-19
78269.0,2016-04-20
78281.7,2016-04-23
78448.3,2016-04-24
78688.4,2016-04-25
78394.4,2016-04-26
78404.7,2016-04-27
78414.6,2016-04-30
78384.4,2016-05-01
78285.4,2016-05-02
78044.4,2016-05-03
78033.8,2016-05-04
77423.9,2016-05-07
77045.3,2016-05-08
77106.0,2016-05-09
76630.4,2016-05-10
75982.6,2016-05-11
76138.6,2016-05-14
75863.2,2016-05-15
75980.5,2016-05-16
76292.9,2016-05-17
76413.3,2016-05-18
76448.3,2016-05-21
76613.9,2016-05-23
76692.8,2016-05-24
76853.0,2016-05-25
76690.6,2016-05-28
76387.0,2016-05-29
76431.5,2016-05-30
76144.2,2016-05-31
76084.2,2016-06-01
76160.6,2016-06-05
76128.6,2016-06-06
75874.5,2016-06-07
75876.2,2016-06-08
74850.1,2016-06-11
74817.8,2016-06-12
74700.5,2016-06-13
73959.7,2016-06-14
73877.1,2016-06-15
73906.5,2016-06-18
73027.9,2016-06-19
72615.0,2016-06-20
72799.2,2016-06-21
73644.8,2016-06-22
73672.0,2016-06-25
73743.5,2016-06-26
74190.5,2016-06-28
73940.3,2016-06-29
73965.5,2016-07-02
74064.0,2016-07-03
73947.2,2016-07-04
74049.1,2016-07-05
73716.6,2016-07-09
73764.2,2016-07-10
73816.7,2016-07-11
73736.0,2016-07-12
73763.0,2016-07-13
73868.0,2016-07-16
74194.8,2016-07-17
74196.9,2016-07-18
74313.6,2016-07-19
74514.1,2016-07-20
74934.3,2016-07-23
75183.9,2016-07-24
75466.5,2016-07-25
75501.0,2016-07-26
76225.7,2016-07-27
76579.7,2016-07-31
76647.4,2016-08-01
77089.8,2016-08-02
77856.5,2016-08-03
78324.9,2016-08-06
78704.6,2016-08-07
78324.9,2016-08-08
78368.4,2016-08-09
78190.5,2016-08-10
78218.8,2016-08-13
78205.1,2016-08-14
77828.8,2016-08-15
77855.5,2016-08-16
77879.0,2016-08-17
77968.7,2016-08-20
78086.4,2016-08-21
78086.1,2016-08-22
77964.0,2016-08-23
78081.5,2016-08-24
77757.6,2016-08-27
77313.6,2016-08-28
77345.6,2016-08-29
77358.6,2016-08-30
77167.9,2016-08-31
76747.0,2016-09-03
76509.4,2016-09-04
76522.2,2016-09-05
76669.6,2016-09-06
76742.2,2016-09-07
76640.3,2016-09-10
76643.9,2016-09-11
76444.2,2016-09-13
76455.4,2016-09-14
76104.9,2016-09-17
76166.7,2016-09-18
76272.6,2016-09-19
76450.9,2016-09-21
76906.9,2016-09-24
77081.5,2016-09-25
77089.8,2016-09-26
77143.1,2016-09-27
77300.3,2016-09-28
77478.8,2016-10-01
77287.6,2016-10-02
77265.3,2016-10-03
77335.3,2016-10-04
77183.0,2016-10-05
77217.0,2016-10-08
77435.8,2016-10-09
77655.1,2016-10-10
77886.4,2016-10-15
77569.1,2016-10-16
77707.2,2016-10-17
77849.5,2016-10-18
78091.5,2016-10-19
78387.2,2016-10-22
78370.3,2016-10-23
78568.8,2016-10-24
78761.9,2016-10-25
79299.6,2016-10-26
80340.7,2016-10-29
80339.2,2016-10-30
80263.7,2016-10-31
79659.2,2016-11-01
79670.9,2016-11-02
79253.5,2016-11-05
79137.5,2016-11-06
79632.3,2016-11-07
79871.4,2016-11-08
78411.6,2016-11-09
79010.7,2016-11-12
79048.5,2016-11-13
79341.5,2016-11-14
79236.2,2016-11-15
79268.4,2016-11-16
79278.6,2016-11-19
79319.0,2016-11-21
79393.8,2016-11-22
79385.6,2016-11-23
79541.4,2016-11-26
79625.9,2016-11-27
80018.6,2016-11-29
80058.8,2016-12-03
80063.7,2016-12-04
80081.2,2016-12-05
80830.5,2016-12-06
81341.6,2016-12-07
81250.5,2016-12-10
80925.9,2016-12-11
80915.5,2016-12-12
80741.2,2016-12-13
80683.6,2016-12-14
80709.0,2016-12-18
80413.1,2016-12-19
80122.7,2016-12-20
80250.0,2016-12-21
80161.2,2016-12-24
79898.9,2016-12-25
79966.5,2016-12-26
79800.8,2016-12-27
79691.8,2016-12-28
79486.6,2016-12-31
78896.0,2017-01-01
78968.9,2017-01-02
78983.7,2017-01-03
78990.3,2017-01-04
78826.5,2017-01-07
78833.4,2017-01-08
78609.5,2017-01-09
78622.0,2017-01-11
78876.2,2017-01-14
79073.2,2017-01-15
79084.2,2017-01-16
79280.4,2017-01-17
79382.2,2017-01-18
79206.6,2017-01-21
79218.0,2017-01-22
79263.5,2017-01-23
78249.1,2017-01-24
78049.0,2017-01-25
77714.1,2017-01-28
77707.3,2017-01-29
77961.4,2017-01-30
77975.4,2017-01-31
77414.9,2017-02-01
76825.7,2017-02-04
76616.0,2017-02-05
76678.7,2017-02-06
76766.0,2017-02-07
76792.8,2017-02-08
76816.8,2017-02-11
76827.7,2017-02-12
76975.5,2017-02-13
77000.2,2017-02-14
77189.7,2017-02-15
77599.1,2017-02-18
77658.6,2017-02-19
77698.2,2017-02-20
77800.2,2017-02-21
77847.2,2017-02-22
77863.5,2017-02-25
77574.7,2017-02-26
77590.7,2017-02-27
77602.3,2017-02-28
77475.2,2017-03-01
77135.1,2017-03-04
76766.9,2017-03-05
76789.7,2017-03-06
76800.4,2017-03-07
76285.5,2017-03-08
76315.6,2017-03-11
76329.0,2017-03-12
76332.0,2017-03-13
76639.0,2017-03-14
76737.9,2017-03-15
77230.0,2017-03-18
77485.8,2017-03-25
77502.9,2017-03-26
77523.3,2017-03-27
77548.5,2017-03-28
77584.4,2017-03-29
77616.8,2017-04-03
77647.1,2017-04-04
77689.9,2017-04-05
77804.7,2017-04-08
77860.4,2017-04-09
78107.8,2017-04-10
78132.4,2017-04-12
78383.3,2017-04-15
78471.7,2017-04-16
78247.5,2017-04-17
78339.8,2017-04-18
78651.4,2017-04-19
79302.7,2017-04-22
79390.6,2017-04-23
79425.9,2017-04-24
79596.9,2017-04-26
79755.6,2017-04-29
79785.0,2017-04-30
79826.6,2017-05-01
79942.1,2017-05-02
79969.2,2017-05-03
79697.4,2017-05-06
79660.9,2017-05-07
79744.1,2017-05-08
79858.8,2017-05-09
80127.1,2017-05-10
80142.0,2017-05-13
79963.0,2017-05-14
79957.5,2017-05-15
80129.3,2017-05-16
80344.2,2017-05-17
81077.6,2017-05-20
81194.0,2017-05-21
81124.4,2017-05-22
81124.4,2017-05-23
81146.2,2017-05-24
80921.2,2017-05-27
80713.2,2017-05-28
80607.9,2017-05-29
80511.5,2017-05-30
80513.3,2017-05-31
80288.9,2017-06-03
80293.5,2017-06-06
79758.5,2017-06-07
79855.7,2017-06-10
79870.7,2017-06-11
79564.1,2017-06-12
79426.9,2017-06-13
79465.7,2017-06-14
79285.0,2017-06-17
78990.4,2017-06-18
78859.2,2017-06-19
78867.5,2017-06-20
78736.2,2017-06-21
78652.7,2017-06-24
78665.5,2017-06-25
78704.5,2017-06-28
78799.7,2017-07-01
78765.3,2017-07-02
78659.2,2017-07-03
78632.5,2017-07-04
78700.2,2017-07-05
78881.6,2017-07-08
78985.4,2017-07-09
79377.0,2017-07-10
79490.4,2017-07-11
79509.6,2017-07-12
79658.9,2017-07-15
79620.8,2017-07-16
79692.9,2017-07-17
79735.7,2017-07-18
80162.5,2017-07-19
80670.8,2017-07-22
80863.0,2017-07-23
80933.9,2017-07-24
81181.7,2017-07-25
81509.3,2017-07-26
81420.9,2017-07-29
81491.4,2017-07-30
81533.5,2017-07-31
81415.9,2017-08-01
81265.9,2017-08-02
81384.1,2017-08-06
81285.7,2017-08-07
81313.9,2017-08-08
81579.3,2017-08-09
81763.1,2017-08-12
81661.5,2017-08-13
81659.3,2017-08-14
81696.3,2017-08-15
81741.9,2017-08-16
81954.9,2017-08-19
82016.2,2017-08-20
82075.0,2017-08-21
82372.4,2017-08-22
82541.8,2017-08-23
82897.1,2017-08-26
82885.0,2017-08-27
83012.1,2017-08-28
83252.0,2017-08-29
83272.9,2017-08-30
83428.2,2017-09-02
83345.2,2017-09-03
83452.1,2017-09-04
83733.5,2017-09-05
83675.3,2017-09-06
83255.7,2017-09-10
83369.1,2017-09-11
83469.2,2017-09-12
83523.8,2017-09-13
83683.2,2017-09-16
83916.6,2017-09-17
84414.5,2017-09-18
85343.9,2017-09-19
85831.8,2017-09-20
85798.4,2017-09-23
85588.8,2017-09-24
85516.9,2017-09-25
85628.8,2017-09-26
85819.0,2017-09-27
85514.9,2017-10-02
85355.0,2017-10-03
85429.5,2017-10-04
85069.5,2017-10-07
84564.9,2017-10-08
84611.6,2017-10-09
84734.4,2017-10-10
84744.1,2017-10-11
85263.6,2017-10-14
85394.9,2017-10-15
85590.7,2017-10-16
85660.0,2017-10-17
85768.0,2017-10-18
86430.5,2017-10-21
86480.2,2017-10-22
86346.2,2017-10-23
86529.2,2017-10-24
86636.8,2017-10-25
86935.4,2017-10-28
87416.6,2017-10-29
87477.2,2017-10-30
87649.9,2017-10-31
87844.9,2017-11-01
87868.6,2017-11-04
87905.1,2017-11-05
87843.7,2017-11-06
87883.1,2017-11-07
87897.4,2017-11-08
87795.2,2017-11-11
87744.7,2017-11-12
87832.5,2017-11-13
87949.8,2017-11-14
88005.9,2017-11-15
88202.3,2017-11-18
88261.2,2017-11-20
88774.6,2017-11-21
89339.1,2017-11-22
90469.5,2017-11-25
90655.5,2017-11-26
91255.2,2017-11-28
91152.2,2017-11-29
91296.7,2017-12-02
90951.8,2017-12-03
90936.6,2017-12-04
91092.2,2017-12-05
91160.3,2017-12-09
91198.9,2017-12-10
91552.4,2017-12-11
92628.9,2017-12-12
93283.7,2017-12-13
93283.6,2017-12-14
93283.6,2017-12-15
94606.4,2017-12-16
95600.7,2017-12-17
95477.4,2017-12-18
95590.6,2017-12-19
95508.6,2017-12-20
96816.0,2017-12-23
97529.3,2017-12-24
98358.4,2017-12-25
98152.7,2017-12-26
97899.1,2017-12-27
97211.4,2017-12-30
95561.5,2017-12-31
96207.9,2018-01-01
96241.2,2018-01-02
95929.4,2018-01-03
96270.3,2018-01-06
96234.5,2018-01-07
96332.5,2018-01-08
96149.2,2018-01-09
96185.9,2018-01-10
96627.5,2018-01-13
97228.6,2018-01-14
97944.0,2018-01-15
98596.9,2018-01-16
98923.5,2018-01-17
98817.2,2018-01-20
98221.0,2018-01-21
98628.4,2018-01-22
99224.7,2018-01-23
99522.1,2018-01-24
99355.5,2018-01-27
99414.5,2018-01-28
99046.1,2018-01-29
98557.8,2018-01-30
98133.5,2018-01-31
97718.8,2018-02-03
97808.1,2018-02-04
98033.5,2018-02-05
97927.5,2018-02-06
98299.7,2018-02-07
97782.7,2018-02-10
97924.7,2018-02-12
98103.3,2018-02-13
98347.9,2018-02-14
98429.6,2018-02-17
98311.6,2018-02-18
98148.5,2018-02-19
98157.3,2018-02-21
98176.9,2018-02-24
98080.2,2018-02-25
98098.5,2018-02-26
98100.8,2018-02-27
97961.7,2018-02-28
97388.7,2018-03-03
97354.3,2018-03-04
97182.6,2018-03-05
96991.0,2018-03-06
96860.3,2018-03-07
96594.5,2018-03-10
96028.4,2018-03-11
96194.4,2018-03-12
96314.1,2018-03-13
95525.9,2018-03-14
95577.3,2018-03-17
95819.6,2018-03-18
96289.9,2018-03-19
96425.9,2018-03-25
96489.7,2018-03-26
96596.6,2018-03-27
96938.8,2018-03-28
97086.1,2018-04-03
97150.5,2018-04-04
96779.8,2018-04-07
96341.2,2018-04-08
97120.7,2018-04-09
96748.0,2018-04-10
96287.0,2018-04-11
95987.5,2018-04-15
95506.2,2018-04-16
95522.7,2018-04-17
95523.8,2018-04-18
95265.8,2018-04-21
94494.2,2018-04-22
94299.5,2018-04-23
94576.3,2018-04-24
94796.1,2018-04-25
94284.4,2018-04-28
93805.5,2018-04-29
93586.9,2018-04-30
93612.1,2018-05-01
93100.6,2018-05-05
92849.9,2018-05-06
93165.9,2018-05-07
93605.8,2018-05-08
93691.1,2018-05-09
93891.1,2018-05-12
94165.8,2018-05-13
94703.4,2018-05-14
94905.9,2018-05-15
94940.2,2018-05-16
95103.1,2018-05-19
95136.4,2018-05-20
95227.4,2018-05-21
95229.9,2018-05-22
95445.0,2018-05-23
95794.0,2018-05-26
95626.0,2018-05-27
95529.6,2018-05-28
95409.6,2018-05-29
95577.6,2018-05-30
95951.9,2018-06-02
95998.8,2018-06-03
96077.1,2018-06-09
95915.9,2018-06-10
95847.4,2018-06-11
96378.7,2018-06-12
99146.2,2018-06-13
102452.4,2018-06-17
104533.5,2018-06-18
106504.1,2018-06-19
108872.9,2018-06-20
109401.4,2018-06-23
112061.3,2018-06-24
115174.5,2018-06-25
113527.7,2018-06-26
111324.8,2018-06-27
111528.2,2018-06-30
108694.1,2018-07-01
109937.1,2018-07-02
112346.5,2018-07-03
112490.0,2018-07-04
111051.6,2018-07-07
110851.4,2018-07-08
110849.0,2018-07-10
109505.1,2018-07-11
108916.6,2018-07-14
108072.3,2018-07-15
108110.0,2018-07-16
107780.6,2018-07-17
107776.6,2018-07-18
108295.5,2018-07-21
108830.8,2018-07-22
108658.9,2018-07-23
108395.9,2018-07-24
108800.1,2018-07-25
108800.1,2018-07-26
108800.1,2018-07-27
111877.9,2018-07-28
113852.3,2018-07-29
116759.5,2018-07-30
121173.5,2018-07-31
123951.3,2018-08-01
124353.7,2018-08-04
128448.0,2018-08-05
133328.3,2018-08-06
133584.4,2018-08-07
131521.6,2018-08-08
129013.8,2018-08-11
129901.9,2018-08-12
128522.7,2018-08-13
130927.7,2018-08-14
130476.9,2018-08-15
131535.8,2018-08-18
134354.8,2018-08-19
137072.9,2018-08-20
136910.6,2018-08-21
136343.4,2018-08-25
138582.6,2018-08-26
140309.2,2018-08-27
136765.9,2018-08-28
137472.4,2018-08-29
136109.7,2018-09-01
133676.1,2018-09-02
135257.8,2018-09-03
137983.8,2018-09-04
137714.2,2018-09-05
139628.7,2018-09-08
142234.4,2018-09-09
146998.7,2018-09-10
148577.6,2018-09-11
155061.1,2018-09-12
158119.2,2018-09-15
155710.2,2018-09-16
158071.9,2018-09-17
157328.7,2018-09-18
160538.2,2018-09-22
165072.1,2018-09-23
168624.7,2018-09-24
174618.2,2018-09-25
180635.6,2018-09-26
187406.1,2018-09-29
195104.0,2018-09-30
195480.2,2018-10-01
188259.4,2018-10-02
185559.3,2018-10-03
184085.2,2018-10-06
176419.4,2018-10-07
175185.5,2018-10-08
180847.6,2018-10-09
181015.7,2018-10-10
175033.0,2018-10-13
174826.4,2018-10-14
180601.5,2018-10-15
182834.1,2018-10-16
182929.1,2018-10-17
188575.8,2018-10-20
189438.0,2018-10-21
187778.9,2018-10-22
185318.7,2018-10-23
181060.0,2018-10-24
178841.3,2018-10-27
180626.9,2018-10-28
183219.5,2018-10-29
183367.3,2018-10-31
183448.8,2018-11-03
182918.6,2018-11-04
184159.8,2018-11-05
185100.4,2018-11-06
184231.1,2018-11-10
180668.3,2018-11-11
182211.7,2018-11-12
183212.2,2018-11-13
181994.3,2018-11-14
178819.3,2018-11-17
173557.7,2018-11-18
175816.5,2018-11-19
176458.7,2018-11-20
175713.2,2018-11-21
171252.9,2018-11-24
166463.5,2018-11-26
167199.8,2018-11-27
163772.1,2018-11-28
159853.8,2018-12-01
163138.5,2018-12-02
166304.4,2018-12-03
165701.7,2018-12-04
166860.1,2018-12-05
167083.2,2018-12-08
166891.2,2018-12-09
166915.9,2018-12-10
166235.0,2018-12-11
165352.1,2018-12-12
164485.9,2018-12-15
161708.1,2018-12-16
159749.9,2018-12-17
159146.4,2018-12-18
156083.2,2018-12-19
154550.5,2018-12-22
156693.8,2018-12-23
157484.0,2018-12-24
156950.3,2018-12-25
158443.7,2018-12-26
160774.0,2018-12-29
161309.8,2018-12-30
161405.3,2018-12-31
161840.8,2019-01-01
160898.9,2019-01-02
161107.4,2019-01-05
161275.8,2019-01-06
162323.6,2019-01-07
163967.2,2019-01-08
164829.4,2019-01-09
164929.9,2019-01-12
164493.8,2019-01-13
164696.4,2019-01-14
165445.5,2019-01-15
165595.0,2019-01-16
166131.1,2019-01-19
165575.1,2019-01-20
161922.2,2019-01-21
162805.7,2019-01-22
162940.9,2019-01-23
162477.5,2019-01-26
160798.0,2019-01-27
159818.2,2019-01-28
160153.0,2019-01-29
160294.9,2019-01-30
159855.4,2019-02-02
157355.2,2019-02-03
158043.9,2019-02-04
158394.2,2019-02-05
158535.5,2019-02-06
158468.2,2019-02-10
157973.3,2019-02-12
157310.8,2019-02-13
157113.6,2019-02-16
156155.0,2019-02-17
156705.1,2019-02-18
157387.5,2019-02-19
159489.5,2019-02-20
164267.8,2019-02-23
166030.3,2019-02-24
166793.6,2019-02-25
164712.2,2019-02-26
165295.1,2019-02-27
164370.3,2019-03-02
164442.7,2019-03-03
164238.6,2019-03-04
162593.6,2019-03-05
162827.3,2019-03-06
163007.3,2019-03-09
164470.4,2019-03-10
167371.5,2019-03-11
167909.7,2019-03-12
169115.5,2019-03-13
171124.9,2019-03-16
172522.5,2019-03-17
175898.8,2019-03-18
178659.1,2019-03-19
179194.3,2019-03-25
179766.4,2019-03-26
181542.4,2019-03-27
185358.0,2019-03-30
185281.1,2019-03-31
186535.5,2019-04-06
188073.8,2019-04-07
188592.8,2019-04-08
190425.1,2019-04-09
193978.3,2019-04-10
195202.7,2019-04-13
196084.1,2019-04-14
201805.8,2019-04-15
201890.8,2019-04-16
199911.3,2019-04-17
204375.3,2019-04-20
204322.0,2019-04-22
202857.5,2019-04-23
203776.9,2019-04-24
205287.4,2019-04-27
209243.9,2019-04-28
214867.6,2019-04-29
216642.0,2019-04-30
220109.0,2019-05-01
224589.6,2019-05-04
224057.3,2019-05-05
215820.6,2019-05-06
208197.1,2019-05-07
211344.1,2019-05-08
209154.9,2019-05-11
204069.3,2019-05-12
207751.7,2019-05-13
211746.4,2019-05-14
211017.8,2019-05-15
212747.7,2019-05-18
212851.5,2019-05-19
211871.7,2019-05-20
215091.6,2019-05-21
215168.6,2019-05-22
214314.2,2019-05-25
217573.9,2019-05-26
223253.8,2019-05-28
224476.8,2019-05-29
222387.8,2019-06-01
224544.4,2019-06-02
226983.4,2019-06-03
226888.2,2019-06-08
229808.8,2019-06-09
230267.7,2019-06-10
230617.5,2019-06-11
233352.8,2019-06-12
234167.7,2019-06-15
238220.2,2019-06-16
238160.7,2019-06-17
237148.2,2019-06-18
234879.4,2019-06-19
233886.1,2019-06-22
237459.9,2019-06-23
242568.1,2019-06-24
245098.7,2019-06-25
248577.8,2019-06-26
248533.0,2019-06-30
247122.5,2019-07-01
248275.9,2019-07-02
248944.0,2019-07-03
245445.6,2019-07-06
246447.5,2019-07-07
249252.6,2019-07-08
248716.1,2019-07-09
249622.1,2019-07-10
250605.0,2019-07-13
253577.8,2019-07-14
253303.3,2019-07-15
246268.1,2019-07-16
246790.4,2019-07-17
246437.4,2019-07-20
249661.6,2019-07-21
253056.8,2019-07-22
251278.3,2019-07-23
252864.6,2019-07-24
252275.4,2019-07-27
252324.7,2019-07-28
252488.3,2019-07-29
252898.1,2019-07-30
254445.7,2019-07-31
254453.9,2019-08-03
255530.2,2019-08-04
256698.2,2019-08-05
255512.0,2019-08-06
255163.3,2019-08-07
255306.4,2019-08-10
255876.2,2019-08-11
257097.2,2019-08-13
261391.5,2019-08-14
261405.8,2019-08-17
260992.0,2019-08-18
262941.0,2019-08-19
266127.2,2019-08-21
269986.1,2019-08-24
269225.3,2019-08-25
274871.8,2019-08-26
278469.9,2019-08-27
278674.9,2019-08-28
284139.2,2019-08-31
286114.8,2019-09-01
283062.7,2019-09-02
285573.6,2019-09-03
290178.5,2019-09-04
294601.6,2019-09-07
296731.8,2019-09-08
299930.7,2019-09-11
304460.1,2019-09-14
302395.7,2019-09-15
305917.2,2019-09-16
302082.1,2019-09-17
294166.6,2019-09-18
297712.6,2019-09-21
302103.6,2019-09-22
311471.4,2019-09-23
312206.5,2019-09-24
314409.2,2019-09-25
320023.9,2019-09-28
318250.6,2019-09-29
324705.9,2019-09-30
326098.1,2019-10-01
326117.2,2019-10-02
327305.8,2019-10-05
320208.4,2019-10-06
320909.7,2019-10-07
314469.8,2019-10-08
313049.1,2019-10-09
322059.8,2019-10-12
326190.8,2019-10-13
319871.6,2019-10-14
308978.9,2019-10-15
309640.3,2019-10-16
301391.1,2019-10-20
302173.1,2019-10-21
308314.9,2019-10-22
305807.6,2019-10-23
303449.8,2019-10-26
305969.9,2019-10-28
309661.3,2019-10-30
308730.2,2019-11-02
308960.9,2019-11-03
304676.5,2019-11-04
305333.2,2019-11-05
305858.9,2019-11-09
302795.1,2019-11-10
303944.1,2019-11-11
306655.3,2019-11-12
307094.1,2019-11-13
306885.8,2019-11-16
302340.6,2019-11-17
302726.3,2019-11-18
304688.5,2019-11-19
304997.0,2019-11-20
305622.5,2019-11-23
305774.0,2019-11-24
308477.2,2019-11-25
309643.3,2019-11-26
311230.1,2019-11-27
314587.9,2019-11-30
318670.5,2019-12-01
320194.8,2019-12-02
320814.4,2019-12-03
322527.9,2019-12-04
327624.8,2019-12-07
332567.2,2019-12-08
335792.0,2019-12-09
339434.4,2019-12-10
339386.6,2019-12-11
343291.8,2019-12-14
344115.1,2019-12-15
344487.6,2019-12-16
346870.7,2019-12-17
350322.6,2019-12-18
353996.7,2019-12-21
356721.1,2019-12-22
359365.5,2019-12-23
362259.3,2019-12-24
361088.4,2019-12-25
367632.1,2019-12-28
369729.9,2019-12-29
375547.7,2019-12-30
377012.6,2019-12-31
384099.6,2020-01-01
367334.2,2020-01-04
365815.5,2020-01-05
358843.2,2020-01-07
353807.7,2020-01-08
359807.4,2020-01-11
375650.2,2020-01-12
392038.4,2020-01-13
395912.6,2020-01-14
399445.3,2020-01-15
409962.5,2020-01-18
410694.5,2020-01-19
409807.8,2020-01-20
406008.9,2020-01-21
411211.5,2020-01-22
417001.9,2020-01-25
418312.5,2020-01-26
420668.0,2020-01-27
427139.4,2020-01-28
426184.9,2020-02-01
428217.0,2020-02-02
438880.2,2020-02-03
440199.1,2020-02-04
445894.1,2020-02-05
452842.3,2020-02-08
454618.5,2020-02-09
447151.9,2020-02-10
459079.6,2020-02-12
461988.4,2020-02-15
472749.9,2020-02-16
476812.7,2020-02-17
472120.4,2020-02-18
478755.7,2020-02-19
481798.0,2020-02-22
498904.5,2020-02-23
503735.8,2020-02-24
518512.8,2020-02-25
523851.0,2020-02-26
505801.0,2020-02-29
515583.4,2020-03-01
529329.0,2020-03-02
544237.7,2020-03-03
555167.7,2020-03-04
549185.1,2020-03-07
534378.4,2020-03-09
519847.3,2020-03-10
520211.8,2020-03-11
502739.2,2020-03-14
494405.7,2020-03-15
506079.8,2020-03-16
502429.7,2020-03-17
512900.5,2020-03-18
508661.5,2020-03-24
521267.7,2020-03-25
532525.3,2020-03-28
545649.4,2020-03-29
547658.5,2020-03-30
567425.6,2020-04-04
573904.0,2020-04-05
569673.7,2020-04-06
583383.0,2020-04-07
597253.9,2020-04-08
607855.9,2020-04-11
623259.8,2020-04-12
624528.5,2020-04-13
626408.7,2020-04-14
645762.5,2020-04-15
668905.5,2020-04-18
690037.0,2020-04-19
708994.7,2020-04-20
726136.7,2020-04-21
741932.0,2020-04-22
769372.7,2020-04-25
797813.4,2020-04-26
820505.4,2020-04-27
845952.4,2020-04-28
878101.2,2020-04-29
917406.1,2020-05-02
956199.9,2020-05-03
979105.3,2020-05-04
980571.1,2020-05-05
977923.4,2020-05-06
1020217.5,2020-05-09
1043252.5,2020-05-10
1047763.2,2020-05-11
1021445.2,2020-05-12
1017662.5,2020-05-13
987475.2,2020-05-16
968460.3,2020-05-17
995180.6,2020-05-18
1002124.5,2020-05-19
986759.2,2020-05-20
959840.4,2020-05-23
926132.9,2020-05-26
938557.2,2020-05-27
973494.5,2020-05-30
970412.9,2020-05-31
988120.6,2020-06-01
1028537.8,2020-06-02
1068844.0,2020-06-06
1116186.8,2020-06-07
1118912.1,2020-06-08
1118118.0,2020-06-09
1153679.7,2020-06-10
1189857.9,2020-06-13
1185421.9,2020-06-14
1200100.4,2020-06-15
1229673.6,2020-06-16
1270627.1,2020-06-20
1300812.8,2020-06-21
1341578.8,2020-06-22
1391025.4,2020-06-23
1419453.5,2020-06-24
1466277.5,2020-06-27
1491927.7,2020-06-28
1481938.4,2020-06-29
1546845.4,2020-06-30
1612902.0,2020-07-01
1621343.3,2020-07-04
1655429.6,2020-07-05
1718350.2,2020-07-06
1747078.6,2020-07-07
1753642.8,2020-07-08
1741353.7,2020-07-11
1812843.1,2020-07-12
1822083.1,2020-07-13
1844907.3,2020-07-14
1841700.7,2020-07-15
1809172.1,2020-07-18
1865027.5,2020-07-19
1924845.1,2020-07-20
1916194.1,2020-07-21
1901147.2,2020-07-22
1952910.0,2020-07-25
1946086.2,2020-07-26
1933935.6,2020-07-27
1941193.5,2020-07-28
1904324.2,2020-07-29
1961621.8,2020-08-01
2011524.3,2020-08-02
1993340.2,2020-08-03
1995044.4,2020-08-04
2034192.5,2020-08-05
2078546.8,2020-08-09
2065114.3,2020-08-10
1999843.4,2020-08-11
1975439.7,2020-08-12
1903267.6,2020-08-15
1813565.7,2020-08-16
1815754.7,2020-08-17
1825353.0,2020-08-18
1757229.2,2020-08-19
1727239.5,2020-08-22
1662215.4,2020-08-23
1608581.8,2020-08-24
1650044.3,2020-08-25
1718783.4,2020-08-26
1728035.3,2020-08-31
1684786.6,2020-09-01
1631941.3,2020-09-02
1642007.7,2020-09-05
1647781.8,2020-09-06
1607195.3,2020-09-07
1570010.0,2020-09-08
1556280.3,2020-09-09
1583753.6,2020-09-12
1578190.1,2020-09-13
1607587.1,2020-09-14
1664592.8,2020-09-15
1704108.5,2020-09-16
1699494.0,2020-09-19
1652235.7,2020-09-20
1595160.1,2020-09-21
1581180.1,2020-09-22
1611582.5,2020-09-23
1615531.2,2020-09-26
1570888.3,2020-09-27
1515930.0,2020-09-28
1492939.8,2020-09-29
1503426.8,2020-09-30
1546154.7,2020-10-03
1522980.9,2020-10-04
1490173.1,2020-10-05
1514698.2,2020-10-06
1540700.0,2020-10-07
1541822.8,2020-10-10
1597125.4,2020-10-11
1579507.3,2020-10-12
1579675.7,2020-10-13
1561416.1,2020-10-14
1514272.5,2020-10-18
1462283.2,2020-10-19
1419305.3,2020-10-20
1412354.7,2020-10-21
1374057.4,2020-10-24
1336587.0,2020-10-26
1302028.5,2020-10-27
1288330.5,2020-10-28
1305898.7,2020-10-31
1279862.7,2020-11-01
1264477.6,2020-11-02
1290571.4,2020-11-04
1262887.1,2020-11-07
1240523.8,2020-11-08
1215163.9,2020-11-09
1211941.2,2020-11-10
1221074.8,2020-11-11
1247649.2,2020-11-14
1257356.9,2020-11-15
1273847.0,2020-11-16
1296947.1,2020-11-17
1345301.4,2020-11-18
1366535.2,2020-11-21
1358847.5,2020-11-22
1375541.3,2020-11-23
1357108.6,2020-11-24
1367248.8,2020-11-25
1390772.8,2020-11-28
1427278.1,2020-11-29
1465975.3,2020-11-30
1473667.3,2020-12-01
1470980.1,2020-12-02
1490676.8,2020-12-05
1523108.5,2020-12-06
1512891.9,2020-12-07
1507498.7,2020-12-08
1506217.3,2020-12-09
1527451.8,2020-12-12
1515759.4,2020-12-13
1484158.9,2020-12-14
1428324.5,2020-12-15
1413360.4,2020-12-16
1444926.0,2020-12-19
1439124.0,2020-12-20
1436392.9,2020-12-21
1444968.9,2020-12-22
1447915.3,2020-12-23
1423570.2,2020-12-26
1419012.8,2020-12-27
1437212.3,2020-12-28
1411859.0,2020-12-29
1397797.2,2020-12-30
1354147.1,2021-01-02
1355351.2,2021-01-03
1374483.2,2021-01-04
1350233.2,2021-01-05
1310755.8,2021-01-06
1285892.4,2021-01-09
1306620.7,2021-01-10
1301325.6,2021-01-11
1260722.5,2021-01-12
1229836.5,2021-01-13
1186711.2,2021-01-16
1150225.0,2021-01-18
1150718.0,2021-01-19
1183978.2,2021-01-20
1222070.6,2021-01-23
1234557.5,2021-01-24
1235783.1,2021-01-25
1215033.1,2021-01-26
1207698.3,2021-01-27
1247152.7,2021-01-30
1251041.7,2021-01-31
1233667.6,2021-02-01
1205467.1,2021-02-02
1173010.7,2021-02-03
1135345.5,2021-02-06
1170532.9,2021-02-07
1192744.4,2021-02-08
1214416.1,2021-02-09
1262253.7,2021-02-13
1264368.7,2021-02-14
1257286.2,2021-02-15
1245882.9,2021-02-16
1238357.4,2021-02-17
1232716.1,2021-02-20
1222614.3,2021-02-21
1214482.7,2021-02-22
1211642.8,2021-02-23
1205832.4,2021-02-24
1194009.9,2021-02-27
1185603.7,2021-02-28
1181641.2,2021-03-01
1186277.3,2021-03-02
1177916.9,2021-03-03
1169724.3,2021-03-06
1175595.8,2021-03-07
1199888.4,2021-03-08
1210146.7,2021-03-09
1206878.0,2021-03-10
1229377.2,2021-03-13
1245186.0,2021-03-14
1254213.0,2021-03-15
1290474.5,2021-03-16
1307707.1,2021-03-17
1309561.6,2021-03-27
1306887.8,2021-03-28
1303193.7,2021-03-30
1294521.6,2021-03-31
1282948.7,2021-04-03
1269478.7,2021-04-04
1262735.3,2021-04-05
1260785.7,2021-04-06
1249910.4,2021-04-07
1240696.7,2021-04-10
1230876.5,2021-04-11
1226158.2,2021-04-12
1244556.7,2021-04-13
1243358.7,2021-04-14
1233781.8,2021-04-17
1224795.3,2021-04-18
1216874.3,2021-04-19
1219589.9,2021-04-20
1207047.0,2021-04-21
1199341.7,2021-04-24
1187843.0,2021-04-25
1186956.5,2021-04-26
1202630.4,2021-04-27
1207850.4,2021-04-28
1194338.6,2021-05-01
1180663.6,2021-05-02
1167045.1,2021-05-03
1172262.4,2021-05-05
1167462.4,2021-05-08
1151896.4,2021-05-09
1157682.9,2021-05-10
1179527.1,2021-05-11
1184000.3,2021-05-12
1189595.7,2021-05-15
1188811.1,2021-05-16
1174659.7,2021-05-17
1173514.3,2021-05-18
1154844.7,2021-05-19
1128218.2,2021-05-22
1107915.1,2021-05-23
1095697.7,2021-05-24
1105454.2,2021-05-25
1109348.8,2021-05-26
1139534.9,2021-05-29
1156933.8,2021-05-30
1145930.0,2021-05-31
1140475.4,2021-06-01
1148642.7,2021-06-02
1157205.4,2021-06-07
1160665.6,2021-06-08
1151846.3,2021-06-09
1144955.0,2021-06-12
1141225.9,2021-06-13
1150203.6,2021-06-14
1150129.2,2021-06-15
1147675.0,2021-06-16
1162032.0,2021-06-19
1163757.0,2021-06-20
1168664.7,2021-06-21
1186921.5,2021-06-22
1213054.6,2021-06-23
1233738.1,2021-06-26
1238487.2,2021-06-27
1243812.3,2021-06-28
1248516.5,2021-06-29
1256978.2,2021-06-30
1246111.9,2021-07-03
1243719.1,2021-07-04
1254561.8,2021-07-05
1281187.0,2021-07-06
1282036.1,2021-07-07
1270744.3,2021-07-10
1285256.4,2021-07-11
1304336.3,2021-07-12
1303890.1,2021-07-13
1305495.5,2021-07-14
1311241.0,2021-07-17
1302857.2,2021-07-18
1311306.0,2021-07-19
1323354.6,2021-07-26
1314909.1,2021-07-27
1316504.6,2021-07-28
1351500.1,2021-07-31
1360246.6,2021-08-01
1357895.2,2021-08-02
1375647.2,2021-08-03
1406040.3,2021-08-04
1407762.2,2021-08-07
1417861.9,2021-08-08
1433201.7,2021-08-09
1453811.7,2021-08-10
1484627.3,2021-08-11
1480803.6,2021-08-14
1499923.4,2021-08-15
1515548.6,2021-08-22
1515923.5,2021-08-23
1543448.3,2021-08-24
1550208.4,2021-08-25
1575762.0,2021-08-28
1573406.5,2021-08-29
1523969.6,2021-08-30
1496150.8,2021-08-31
1520627.1,2021-09-01
1541051.8,2021-09-04
1537192.9,2021-09-05
1538484.5,2021-09-06
1523059.9,2021-09-07
1526008.3,2021-09-08
1530461.8,2021-09-11
1489983.3,2021-09-12
1475224.9,2021-09-13
1496962.7,2021-09-14
1488212.7,2021-09-15
1450225.4,2021-09-18
1420479.0,2021-09-19
1427773.2,2021-09-20
1391236.1,2021-09-21
1386451.0,2021-09-22
1422118.5,2021-09-25
1424732.3,2021-09-26
1425447.4,2021-09-28
1436984.3,2021-09-29
1473476.0,2021-10-02
1476680.3,2021-10-03
1484652.8,2021-10-04
1488264.5,2021-10-06
1466031.4,2021-10-09
1455612.0,2021-10-10
1457493.6,2021-10-11
1418683.0,2021-10-12
1397386.1,2021-10-13
1437465.5,2021-10-16
1436109.9,2021-10-17
1436916.8,2021-10-18
1449496.9,2021-10-19
1436357.1,2021-10-20
1407758.0,2021-10-23
1384133.5,2021-10-25
1384452.2,2021-10-26
1393960.8,2021-10-27
1375669.2,2021-10-30
1340290.8,2021-10-31
1361414.8,2021-11-01
1376091.9,2021-11-02
1398416.5,2021-11-03
1440651.5,2021-11-06
1430892.2,2021-11-07
1434378.9,2021-11-08
1447674.8,2021-11-09
1456479.9,2021-11-10
1439244.4,2021-11-13
1442515.7,2021-11-14
1416298.7,2021-11-15
1408595.7,2021-11-16
1410778.6,2021-11-17
1383491.9,2021-11-20
1386935.3,2021-11-21
1407132.9,2021-11-22
1404551.7,2021-11-23
1394105.7,2021-11-24
1366713.9,2021-11-27
1368005.2,2021-11-28
1363939.0,2021-11-29
1357128.9,2021-11-30
1340071.9,2021-12-01
1334765.9,2021-12-04
1343202.7,2021-12-05
1342353.6,2021-12-06
1338016.0,2021-12-07
1349389.3,2021-12-08
1344441.6,2021-12-11
1320776.7,2021-12-12
1295550.1,2021-12-13
1291839.4,2021-12-14
1293237.9,2021-12-15
1305535.5,2021-12-18
1291675.8,2021-12-19
1301542.3,2021-12-20
1318359.7,2021-12-21
1359024.5,2021-12-22
1385504.6,2021-12-25
1383987.9,2021-12-26
1400314.6,2021-12-27
1399910.9,2021-12-28
1397311.4,2021-12-29
1378777.4,2022-01-01
1379041.1,2022-01-02
1376049.3,2022-01-03
1362828.6,2022-01-04
1363095.8,2022-01-05
1362458.0,2022-01-08
1336820.7,2022-01-09
1332755.6,2022-01-10
1334703.5,2022-01-11
1334265.0,2022-01-12
1322569.8,2022-01-15
1310804.5,2022-01-16
1306472.1,2022-01-17
1275966.4,2022-01-18
1279393.9,2022-01-19
1281801.0,2022-01-22
1256512.8,2022-01-23
1234707.7,2022-01-24
1207926.7,2022-01-25
1229368.4,2022-01-26
1258995.1,2022-01-29
1284647.4,2022-01-30
1294619.1,2022-01-31
1301234.0,2022-02-01
1301161.5,2022-02-02
1304411.1,2022-02-05
1282050.0,2022-02-06
1274467.5,2022-02-07
1281075.4,2022-02-08
1284160.1,2022-02-09
1284061.7,2022-02-12
1275996.2,2022-02-13
1283324.2,2022-02-14
1282411.4,2022-02-16
1282190.8,2022-02-19
1274304.7,2022-02-20
1281589.4,2022-02-21
1284876.1,2022-02-22
1288310.3,2022-02-23
1282870.8,2022-02-26
1279292.7,2022-02-27
1281934.2,2022-02-28
1281190.8,2022-03-02
1298782.7,2022-03-05
1322598.5,2022-03-06
1342906.7,2022-03-07
1336569.2,2022-03-08
1348303.3,2022-03-09
1332933.3,2022-03-12
1335376.4,2022-03-13
1334776.9,2022-03-14
1337223.2,2022-03-15
1345018.2,2022-03-16
1367250.3,2022-03-19
1390859.7,2022-03-26
1403617.9,2022-03-27
1418651.9,2022-03-28
1414249.5,2022-03-29
1432106.5,2022-03-30
1462003.0,2022-04-03
1468820.1,2022-04-04
1471438.4,2022-04-05
1463779.7,2022-04-06
1458772.7,2022-04-09
1474113.0,2022-04-10
1479493.0,2022-04-11
1446026.9,2022-04-12
1454129.3,2022-04-13
1467644.8,2022-04-16
1475058.6,2022-04-17
1501842.6,2022-04-18
1513105.7,2022-04-19
1512219.1,2022-04-20
1504715.6,2022-04-24
1507249.3,2022-04-25
1522868.2,2022-04-26
1521423.3,2022-04-27
1522439.4,2022-04-30
1523471.2,2022-05-01
1529717.5,2022-05-02
1543847.5,2022-05-07
1553041.8,2022-05-08
1540099.2,2022-05-09
1539530.7,2022-05-10
1564449.1,2022-05-11
1578410.9,2022-05-14
1572979.8,2022-05-15
1583800.5,2022-05-16
1606024.3,2022-05-17
1594977.7,2022-05-18
1579686.7,2022-05-21
1582222.7,2022-05-22
1557210.6,2022-05-23
1555689.0,2022-05-24
1564487.5,2022-05-25
1553401.9,2022-05-28
1534057.1,2022-05-29
1537380.3,2022-05-30
1542711.1,2022-05-31
1541980.0,2022-06-01
1514310.0,2022-06-06
1515387.7,2022-06-07
1520298.7,2022-06-08
1518289.8,2022-06-11
1532387.2,2022-06-12
1571445.2,2022-06-13
1574065.3,2022-06-14
1564334.0,2022-06-15
1547738.5,2022-06-18
1545962.9,2022-06-19
1547247.2,2022-06-20
1539632.2,2022-06-21
1533393.9,2022-06-22
1520334.9,2022-06-25
1501340.0,2022-06-26
1504065.4,2022-06-27
1514434.5,2022-06-28
1513715.5,2022-06-29
1501631.9,2022-07-02
1502986.2,2022-07-03
1507156.8,2022-07-04
1511075.5,2022-07-05
1502603.8,2022-07-06
1498512.7,2022-07-09
1487597.8,2022-07-11
1483534.7,2022-07-12
1490051.8,2022-07-13
1480051.2,2022-07-16
1469832.5,2022-07-17
1468893.1,2022-07-19
1471898.2,2022-07-20
1473499.1,2022-07-23
1463758.4,2022-07-24
1439416.8,2022-07-25
1438448.4,2022-07-26
1443712.6,2022-07-27
1440855.3,2022-07-30
1423496.7,2022-07-31
1427605.6,2022-08-01
1430021.0,2022-08-02
1437360.8,2022-08-03
1448922.6,2022-08-06
1451941.9,2022-08-09
1448464.5,2022-08-10
1467100.6,2022-08-13
1463653.5,2022-08-14
1463697.6,2022-08-15
1459500.6,2022-08-16
1451404.1,2022-08-17
1438819.2,2022-08-20
1429906.8,2022-08-21
1424490.9,2022-08-22
1431477.2,2022-08-23
1442372.9,2022-08-24
1450045.2,2022-08-27
1444086.8,2022-08-28
1445139.0,2022-08-29
1441217.1,2022-08-30
1439396.4,2022-08-31
1426941.2,2022-09-03
1426908.2,2022-09-04
1426779.6,2022-09-05
1420834.1,2022-09-06
1412856.5,2022-09-07
1397434.5,2022-09-10
1390732.4,2022-09-11
1388970.4,2022-09-12
1393126.7,2022-09-13
1389099.0,2022-09-14
1377917.5,2022-09-18
1373821.4,2022-09-19
1367060.4,2022-09-20
1355240.9,2022-09-21
1328185.9,2022-09-24
1334448.1,2022-09-26
1346563.5,2022-09-28
1330879.1,2022-10-01
1322025.8,2022-10-02
1318714.2,2022-10-03
1313853.1,2022-10-04
1316721.1,2022-10-08
1305083.0,2022-10-09
1303920.4,2022-10-10
1313583.9,2022-10-11
1319789.7,2022-10-12
1317894.2,2022-10-15
1311288.6,2022-10-16
1311109.9,2022-10-17
1312563.2,2022-10-18
1310165.9,2022-10-19
1308960.0,2022-10-22
1296797.8,2022-10-23
1277736.9,2022-10-24
1267060.7,2022-10-25
1241067.1,2022-10-26
1244627.3,2022-10-29
1254464.8,2022-10-30
1269833.4,2022-10-31
1280456.2,2022-11-01
1283540.8,2022-11-02
1328324.1,2022-11-05
1344675.9,2022-11-06
1389752.6,2022-11-07
1407734.1,2022-11-08
1414356.2,2022-11-09
1426096.0,2022-11-12
1419140.2,2022-11-13
1408174.3,2022-11-14
1410423.9,2022-11-15
1413573.7,2022-11-16
1393086.2,2022-11-19
1404627.2,2022-11-20
1408597.9,2022-11-21
1407654.1,2022-11-22
1410188.2,2022-11-23
1408210.9,2022-11-26
1406202.0,2022-11-27
1408348.5,2022-11-28
1414204.6,2022-11-29
1417371.8,2022-11-30
1417719.8,2022-12-03
1417839.4,2022-12-04
1413604.7,2022-12-05
1409404.4,2022-12-06
1402830.4,2022-12-07
1383737.5,2022-12-10
1389362.2,2022-12-11
1409355.1,2022-12-12
1454468.2,2022-12-13
1472760.5,2022-12-14
1469933.2,2022-12-17
1500241.8,2022-12-18
1500908.6,2022-12-19
1492095.1,2022-12-20
1496200.8,2022-12-21
1538003.2,2022-12-24
1563567.4,2022-12-25
1576396.8,2022-12-26
1647314.5,2022-12-28
1590495.5,2022-12-31
1564365.7,2023-01-01
1593285.0,2023-01-02
1591353.9,2023-01-03
1579119.3,2023-01-04
1598061.4,2023-01-07
1635229.2,2023-01-08
1646905.8,2023-01-09
1668186.9,2023-01-10
1652087.0,2023-01-11
1643714.0,2023-01-14
