jdate,labelProb
1388-02-15,0.814041372426234
1388-02-16,0.8315107369367188
1388-03-16,0.7113326902537663
1388-03-17,0.7488542804312522
1388-03-18,0.7405678996476803
1388-03-19,0.7338312737433994
1388-03-20,0.7423794062726634
1388-03-23,0.7515706892978807
1388-03-24,0.5668883236078142
1388-04-02,0.49028669578295947
1388-04-03,0.48916791696530826
1388-04-06,0.49101063264116457
1388-04-07,0.50543340808527
1388-04-08,0.4982067815424118
1388-04-09,0.512678729780051
1388-04-10,0.5020664238847213
1388-04-13,0.4692968728436339
1388-04-14,0.45735557522942666
1388-04-16,0.4925940081651811
1388-04-20,0.47412205642495914
1388-04-21,0.5104792833254572
1388-04-22,0.6266747476883765
1388-04-23,0.6328672147140798
1388-04-24,0.6976207780257682
1388-04-27,0.7346268411292971
1388-04-28,0.7219704014176787
1388-04-30,0.7158474476677403
1388-04-31,0.6668171862967226
1388-05-03,0.751324328504441
1388-05-04,0.7311278969919679
1388-05-05,0.7199690724387614
1388-05-06,0.7562208468831695
1388-05-07,0.7559435189116668
1388-05-10,0.7477720965572725
1388-05-11,0.7916962518091837
1388-05-12,0.7218784400852418
1388-05-13,0.7420983432094886
1388-05-14,0.7884794502635016
1388-05-17,0.8269892863667981
1388-05-18,0.773142451849755
1388-05-19,0.7802584848977904
1388-05-20,0.7962007403374813
1388-05-21,0.7929976933448696
1388-05-24,0.8021456098970366
1388-05-25,0.7918445461637565
1388-05-26,0.790829186032126
1388-05-27,0.7856612262948565
1388-05-28,0.7878385998265942
1388-05-31,0.7992649606660106
1388-06-01,0.7718150631765257
1388-06-02,0.7825416679303765
1388-06-03,0.7827540818209654
1388-06-04,0.8100990635237182
1388-06-07,0.7210217151002966
1388-06-08,0.7084384012602993
1388-06-09,0.6962794663204047
1388-06-10,0.7043036633192419
1388-06-11,0.7138287613440266
1388-06-14,0.6548306749385427
1388-06-15,0.6654534555266023
1388-06-16,0.6579480302360984
1388-06-17,0.6706185495463713
1388-06-18,0.7217288192578464
1388-06-22,0.7615440398401154
1388-06-23,0.730805247462943
1388-06-28,0.7188655305628552
1388-06-30,0.732991341346506
1388-06-31,0.7632622695598171
1388-07-01,0.7156479622687345
1388-07-04,0.6387136887068019
1388-07-05,0.6405589457905726
1388-10-12,0.7627609341547761
1388-10-13,0.7704909005658116
1388-10-14,0.7987568591278545
1388-10-15,0.7858075229109251
1388-10-16,0.7974496852113016
1388-10-19,0.8020344780878058
1388-10-20,0.7602311493120959
1388-10-21,0.7172185427261524
1388-10-22,0.6070110488851369
1388-10-23,0.6535829536551078
1388-10-26,0.640391395489357
1388-10-27,0.6357455048487878
1388-10-28,0.6571013412831915
1388-10-29,0.6395785926174303
1388-10-30,0.6198627638964919
1388-11-06,0.6058379357321712
1388-11-07,0.654567198625164
1388-11-10,0.6431243996113573
1388-11-11,0.6874621913032708
1388-11-12,0.7344445711044981
1388-11-13,0.7208935498528954
1388-11-14,0.7152752377290305
1388-11-17,0.7237512180583913
1388-11-18,0.7291829202227295
1388-11-19,0.7459765483918014
1388-11-20,0.7564512354884836
1388-11-21,0.7718741294813424
1388-11-25,0.8136625935815188
1388-11-27,0.8184163501280888
1388-11-28,0.7786364716562346
1388-12-01,0.8195241903182183
1388-12-02,0.8156668671121989
1388-12-03,0.7866591800078201
1388-12-04,0.7360693535706435
1388-12-05,0.7067873226015798
1388-12-08,0.7351633302742971
1388-12-09,0.7541523194969434
1388-12-10,0.7664898619569369
1388-12-11,0.7524660177919366
1388-12-12,0.7388402410781204
1388-12-15,0.8026461803772127
1388-12-16,0.7894316146505191
1388-12-17,0.7900606136922752
1388-12-18,0.7972727274134235
1388-12-19,0.6973457527175752
1388-12-22,0.7848592230110043
1388-12-23,0.7443014294967234
1388-12-24,0.6931284974470026
1388-12-25,0.6368760714026404
1388-12-26,0.712213009595412
1389-01-07,0.8126558432625397
1389-01-08,0.8100686135978472
1389-01-09,0.8241925651944708
1389-01-10,0.8046049240231682
1389-01-11,0.8216423915083979
1389-01-14,0.8291194895007031
1389-01-15,0.7714564588696632
1389-01-16,0.7691782793511274
1389-01-17,0.7802935932120857
1389-01-18,0.7825784505294573
1389-01-21,0.77617032586867
1389-01-22,0.7723198756112017
1389-01-23,0.7691790900258545
1389-01-24,0.7603849896108386
1389-01-25,0.6745808737757605
1389-01-28,0.5674580339901185
1389-01-29,0.6525786970066348
1389-01-30,0.6248911229117033
1389-01-31,0.5342369104176228
1389-02-01,0.5319690764756287
1389-02-04,0.4058298503647771
1389-02-05,0.3877238740371393
1389-02-06,0.3725106064354378
1389-02-07,0.3002802889692864
1389-02-08,0.2798421495964036
1389-02-11,0.2794807859706339
1389-02-12,0.38410919005918065
1389-02-13,0.3174874384893858
1389-02-14,0.24628996287515909
1389-02-15,0.2442808037456383
1389-02-18,0.31581236569456295
1389-02-19,0.26956334770398666
1389-02-20,0.39949560028556846
1389-02-21,0.3781440705414408
1389-02-22,0.373615379135498
1389-02-25,0.4104597627049392
1389-02-26,0.5184485503964376
1389-02-28,0.45606205813215495
1389-02-29,0.5221731536104526
1389-03-04,0.505181611140045
1389-03-05,0.4839469583498711
1389-03-08,0.38936000328438236
1389-03-09,0.4220869307183054
1389-03-10,0.5043620033493811
1389-03-11,0.5129585051694926
1389-03-12,0.5145661854286925
1389-03-16,0.3905747863903526
1389-03-17,0.5546040033472484
1389-03-18,0.6822670404812601
1389-03-19,0.6846378638490833
1389-03-22,0.6623897032266366
1389-03-23,0.7676147445342411
1389-03-24,0.7430836165859317
1389-03-25,0.744703037861464
1389-03-26,0.7727653473103694
1389-03-29,0.7585066346009712
1389-03-30,0.77462488425948
1389-03-31,0.8009152250653295
1389-04-01,0.7890566565457119
1389-04-02,0.7875045480780023
1389-04-07,0.7899069272649788
1389-04-08,0.8196520878457645
1389-04-09,0.8155404594183114
1389-04-16,0.7226293550278385
1389-04-20,0.7330878761229985
1389-04-21,0.6987323207925565
1389-04-22,0.7049512068378493
1389-04-23,0.6909023768301559
1389-04-26,0.6848837908383839
1389-04-27,0.6895727065499612
1389-04-28,0.6871336304889589
1389-04-29,0.6838922899229286
1389-04-30,0.7483552578998311
1389-05-02,0.7196462433254549
1389-05-03,0.741893960298166
1389-05-04,0.6412691362478762
1389-05-06,0.7410848963767023
1389-05-09,0.7607981368303263
1389-05-10,0.7383471502398374
1389-05-11,0.7714307216532403
1389-05-12,0.6923804627746977
1389-05-13,0.5735351886099029
1389-05-16,0.5551035325564756
1389-05-17,0.572794854064393
1389-05-18,0.49879691489684297
1389-05-19,0.507640808540702
1389-05-20,0.5217705628560666
1389-05-23,0.5088396035480052
1389-05-24,0.4915707852073656
1389-05-25,0.5747181390661672
1389-05-26,0.6080005269766794
1389-05-27,0.608131604859613
1389-05-30,0.5923250632130509
1389-05-31,0.5782663062231709
1389-06-01,0.7293548367756691
1389-06-02,0.7185065013286219
1389-06-03,0.6996931299865737
1389-06-06,0.7593592113368585
1389-06-07,0.7688757184673305
1389-06-08,0.5531526078834769
1389-06-09,0.6935859729604587
1389-06-13,0.6920431719420375
1389-06-14,0.5334009451398959
1389-06-15,0.47667301715430904
1389-06-16,0.44676239985691407
1389-06-17,0.4360043463057049
1389-06-21,0.4253714204325171
1389-06-22,0.41176582980302817
1389-06-23,0.4204493494335903
1389-06-24,0.4174339257494094
1389-06-27,0.39461953757595203
1389-06-28,0.3052263671688248
1389-06-29,0.3430992767861026
1389-06-30,0.3712514130585452
1389-06-31,0.47315175980628393
1389-07-03,0.46968399251611526
1389-07-04,0.4051133493305633
1389-07-05,0.3681187001490101
1389-07-06,0.38420572988732105
1389-07-07,0.355540249012283
1389-07-10,0.3898970842556807
1389-07-11,0.3609231592298981
1389-07-13,0.39992374194546004
1389-07-14,0.5100014108283073
1389-07-17,0.5820027984065426
1389-07-18,0.5862856399159132
1389-07-19,0.5485118056129757
1389-07-20,0.46340546345031486
1389-07-21,0.5645697411711939
1389-07-24,0.6923345452393017
1389-07-25,0.6483394091540263
1389-07-26,0.652402968393399
1389-07-27,0.6436585594121762
1389-07-28,0.7681625625126869
1389-08-01,0.7775969723418351
1389-08-04,0.7736701762365923
1389-08-05,0.7661219538142114
1389-08-08,0.7753247777359511
1389-08-09,0.732386404194039
1389-08-10,0.732793849946695
1389-08-11,0.7395409378032131
1389-08-12,0.7394294809172093
1389-08-15,0.7564390494520792
1389-08-16,0.740655134026452
1389-08-17,0.7258328869928701
1389-08-18,0.745088754845837
1389-08-19,0.7572628971818902
1389-08-22,0.7651589151346916
1389-08-25,0.76331446564028
1389-08-29,0.6538219853196015
1389-08-30,0.7165043781153664
1389-09-01,0.7291366849172676
1389-09-02,0.802833863307856
1389-09-03,0.8104135351234516
1389-09-06,0.7750688621711456
1389-11-06,0.8135768250226253
1389-11-09,0.8028882166271991
1389-11-10,0.811885138537876
1389-11-11,0.81088376439605
1389-11-12,0.7636013934539229
1389-11-16,0.7443318883371931
1389-11-17,0.6460858306150481
1389-11-30,0.5495656534136469
1389-12-01,0.5424941084092636
1389-12-03,0.5485434214038657
1389-12-04,0.6660483326197457
1389-12-07,0.6624716360750065
1389-12-08,0.6914912492375963
1389-12-09,0.570706624529001
1389-12-10,0.5486342024499336
1389-12-11,0.5946386044329169
1389-12-14,0.695594319519917
1389-12-15,0.7230567301379947
1389-12-16,0.6883701703017938
1389-12-17,0.6798456780788662
1389-12-18,0.7644841202907368
1389-12-21,0.7608991438566466
1389-12-22,0.700541323580195
1389-12-23,0.7803602735599672
1389-12-24,0.7497457004615966
1389-12-25,0.713242051242177
1389-12-28,0.7061590406355045
1390-01-06,0.6981665862577899
1390-01-07,0.5708113284914585
1390-01-08,0.6147886740389005
1390-01-09,0.4908121469446925
1390-01-10,0.44379696013850095
1390-01-14,0.47740757349584145
1390-01-15,0.5750984485776678
1390-01-16,0.6604800189427334
1390-01-17,0.6707673793939116
1390-01-20,0.49532719863939156
1390-01-21,0.45638206402026893
1390-01-22,0.40531639919771306
1390-01-23,0.4176803221036116
1390-01-24,0.40582928420974607
1390-01-27,0.4282472076982493
1390-01-28,0.3583630612468117
1390-01-29,0.3098574333065558
1390-01-30,0.34856390418176253
1390-01-31,0.38447350668495545
1390-02-03,0.4127740665051697
1390-02-04,0.4254397090415236
1390-02-05,0.2882056172635034
1390-02-06,0.3050219704478677
1390-02-07,0.36938388786437754
1390-02-10,0.27170777139585395
1390-02-11,0.5278635634332066
1390-02-12,0.5382368857837063
1390-02-13,0.5728548318949556
1390-02-14,0.6259146732528622
1390-02-18,0.6026581402196673
1390-02-19,0.625986057158447
1390-02-20,0.5592286806134623
1390-02-21,0.5822315711630438
1390-02-24,0.5584957090325343
1390-02-25,0.5540591749024144
1390-02-26,0.6067199594852382
1390-02-27,0.6044914357596707
1390-02-28,0.7221858808561598
1390-02-31,0.7231200907886471
1390-03-01,0.6866053670569673
1390-03-02,0.631606465182694
1390-03-03,0.4924585251768792
1390-03-04,0.43029427618394817
1390-03-07,0.4494685646616635
1390-03-08,0.5038265750969873
1390-03-09,0.5288068131366249
1390-03-10,0.5496593573139019
1390-03-17,0.5703142242058327
1390-03-18,0.715984578691663
1390-03-21,0.5782585191556909
1390-03-22,0.6192892943303756
1390-03-23,0.5979958431520477
1390-03-24,0.4417689304728307
1390-03-25,0.49377551305965134
1390-03-28,0.5354804898547942
1390-03-29,0.44081440487592183
1390-03-30,0.46995567266903787
1390-03-31,0.4538111018582461
1390-04-01,0.4704823110945494
1390-04-04,0.42464355116224145
1390-04-05,0.44605162125570635
1390-04-06,0.5104267733299458
1390-04-07,0.49000820188789823
1390-04-08,0.6161994075352882
1390-04-11,0.5581397653151785
1390-04-12,0.5584314698571234
1390-04-13,0.5830941269900285
1390-04-14,0.5883150714345602
1390-04-15,0.6269680541042507
1390-04-18,0.6484840742695699
1390-04-19,0.6530089741292653
1390-04-20,0.6762424910958452
1390-04-21,0.6999189161578415
1390-04-22,0.6809344489987784
1390-04-25,0.6714912706391655
1390-05-03,0.6556726130623646
1390-05-04,0.6705112895875912
1390-05-05,0.5501195986066547
1390-05-08,0.5996792785676155
1390-05-09,0.5516000386636561
1390-05-10,0.6528274163675569
1390-05-11,0.6441206553917479
1390-05-12,0.659006390376128
1390-05-15,0.48779058576611894
1390-05-16,0.5205558520067739
1390-05-17,0.5168550419477395
1390-05-18,0.5841415985095607
1390-05-19,0.599397282246053
1390-05-22,0.5530908778032343
1390-05-23,0.574985242705992
1390-05-24,0.5216523632249216
1390-05-25,0.5035759810025439
1390-05-26,0.7005906061366364
1390-05-29,0.625107319667617
1390-05-30,0.6686022363621846
1390-06-01,0.707442932579067
1390-06-02,0.595447059654818
1390-06-05,0.6460032916642628
1390-06-06,0.5617021810994104
1390-06-07,0.7249002470801136
1390-06-08,0.6966076865067392
1390-06-12,0.6418118001882318
1390-06-13,0.5777017084332715
1390-06-14,0.6374465508598927
1390-06-15,0.688886044503741
1390-06-16,0.6723519689234504
1390-06-19,0.5680987705759324
1390-06-20,0.6646869071999688
1390-06-21,0.6214950894219572
1390-06-22,0.42847032762255305
1390-06-23,0.43846476425575515
1390-06-26,0.44052051841795015
1390-06-27,0.3883659167425714
1390-06-28,0.4064936839617379
1390-06-29,0.38713739832012756
1390-06-30,0.4149995501016567
1390-07-03,0.30114306915341416
1390-07-04,0.2747741090284243
1390-07-05,0.3566818209634712
1390-07-06,0.35209761562591146
1390-07-09,0.3567368503038776
1390-07-10,0.3319468260952184
1390-07-11,0.22462755620722658
1390-07-12,0.2717154507161993
1390-07-13,0.3412147122848348
1390-07-16,0.29766863313218483
1390-07-17,0.2071396692873413
1390-07-18,0.3188467682681834
1390-07-19,0.4693375624146377
1390-07-20,0.36113099693954
1390-07-23,0.20609275382884684
1390-07-24,0.19495811516997247
1390-07-25,0.35244746269599453
1390-07-26,0.3513424878982156
1390-07-27,0.3580066292151278
1390-07-30,0.2122555867101192
1390-08-01,0.20974138739950154
1390-08-02,0.1669933996010949
1390-08-03,0.2859109282266909
1390-08-04,0.17272650865055622
1390-08-07,0.14475461693941913
1390-08-08,0.14451389534100934
1390-08-09,0.14451389534100934
1390-08-10,0.18870563755499875
1390-08-11,0.18375653885588578
1390-08-14,0.1663240446298776
1390-08-15,0.18379730032401895
1390-08-17,0.17333881393994355
1390-08-18,0.40056919595450785
1390-08-21,0.3685777944903081
1390-08-22,0.24204611680305377
1390-08-23,0.36542354840996466
1390-08-25,0.39408430716312604
1390-08-28,0.4984941026661249
1390-08-29,0.49117123872385093
1390-08-30,0.4191273071330269
1390-09-01,0.28923750712609414
1390-09-02,0.32028601585218686
1390-09-05,0.32374959602594927
1390-09-06,0.428220718632218
1390-09-07,0.5721227486833221
1390-09-08,0.667279270922115
1390-09-09,0.7020961337960901
1390-09-12,0.7371001705349067
1390-09-13,0.7636673103520668
1390-09-16,0.7404198264345474
1390-09-19,0.7242280766588156
1390-09-20,0.7224724273241603
1390-09-21,0.7392093368359235
1390-09-22,0.7315390587573014
1390-09-23,0.7362721308283042
1390-09-26,0.6763013383262059
1390-09-27,0.7232386959906034
1390-09-28,0.7294817556601082
1390-09-29,0.7179245933418686
1390-09-30,0.7337668898768553
1390-10-03,0.6655072346787637
1390-10-04,0.7161503346908203
1390-10-05,0.7262332606911667
1390-10-06,0.6547504651478716
1390-10-07,0.6329047229492221
1390-10-10,0.7364020662846564
1390-10-11,0.7210614468738806
1390-10-12,0.7141164073276246
1390-10-13,0.7463116835606112
1390-10-14,0.662890758781242
1390-10-17,0.5887795390337202
1390-10-18,0.6612387151906671
1390-10-19,0.6595673026395448
1390-10-20,0.5061352745365909
1390-10-21,0.5217038774406904
1390-10-25,0.6587095444695635
1390-10-26,0.597206400645952
1390-10-27,0.49215862806848126
1390-10-28,0.5543344327626046
1390-11-01,0.5408250355816282
1390-11-03,0.48642291002705096
1390-11-05,0.45228825366026965
1390-11-08,0.4997970820300752
1390-11-09,0.45354189930168093
1390-11-10,0.505642191183412
1390-11-11,0.5391972949845774
1390-11-12,0.527757650795995
1390-11-15,0.4792027807171617
1390-11-16,0.39551998999908006
1390-11-17,0.28380088918014973
1390-11-18,0.26090034129631
1390-11-19,0.36618212374119813
1390-11-23,0.2999149195114662
1390-11-24,0.20114665307442237
1390-11-25,0.22639305487851596
1390-11-26,0.4166190566259991
1390-12-02,0.37848205985076394
1390-12-03,0.40314785514756346
1390-12-06,0.43715728377483953
1390-12-07,0.5083244181793737
1390-12-08,0.6883255659135035
1390-12-09,0.6815828713563533
1390-12-10,0.657770391238257
1390-12-13,0.6583009195306215
1390-12-14,0.6404794413905992
1390-12-15,0.6464515548201775
1390-12-16,0.6069630955443094
1390-12-17,0.6901232290767817
1390-12-20,0.6793379887655214
1390-12-21,0.691511113320523
1390-12-22,0.5902628566208111
1390-12-23,0.6140266293381588
1390-12-24,0.6519885982105046
1390-12-27,0.6784390851730485
1390-12-28,0.6427200233099791
1391-01-05,0.7047285739364075
1391-01-06,0.7118262416483936
1391-01-07,0.6571769556763126
1391-01-08,0.6676757948848366
1391-01-09,0.6652574419575162
1391-01-14,0.5800312685337853
1391-01-15,0.5155029522378733
1391-01-16,0.5560199969364559
1391-01-19,0.5263683149116853
1391-01-20,0.5981326510298295
1391-01-21,0.6548049999665279
1391-01-22,0.6811055952273557
1391-01-23,0.7070941113789748
1391-01-26,0.7043565679292177
1391-01-27,0.6323014550430255
1391-01-28,0.581152754783929
1391-01-29,0.5323260133959947
1391-01-30,0.5384289518797122
1391-02-02,0.447059765170761
1391-02-03,0.3992379194046632
1391-02-04,0.361264320910994
1391-02-05,0.36223756130408014
1391-02-09,0.33932410668059854
1391-02-10,0.3424478750273389
1391-02-11,0.2607423188388739
1391-02-12,0.21944154008537967
1391-02-13,0.2244664409977859
1391-02-16,0.18863114980001988
1391-02-17,0.18846736487996066
1391-02-18,0.17944280414094516
1391-02-19,0.2235370458170872
1391-02-20,0.19745456687841034
1391-02-23,0.140336922338394
1391-02-24,0.13378780239123653
1391-02-25,0.2688876350621176
1391-02-26,0.14794977188578168
1391-02-27,0.1337160246536081
1391-02-30,0.1363003589815401
1391-02-31,0.12734003987830964
1391-03-01,0.28034252903863505
1391-03-02,0.36687756994069737
1391-03-03,0.44292959447733626
1391-03-06,0.28822024893850806
1391-03-07,0.34053763416355365
1391-03-08,0.20217242285306336
1391-03-09,0.22298174630722928
1391-03-10,0.20165832322322935
1391-03-13,0.12868799737253991
1391-03-16,0.12482518463073328
1391-03-17,0.12844507684914294
1391-03-20,0.14419756866449424
1391-03-21,0.14186002528717057
1391-03-22,0.3009801032022931
1391-03-23,0.17084921319700483
1391-03-24,0.18944997342378828
1391-03-27,0.17587772083158063
1391-03-28,0.1323445112637463
1391-03-30,0.16004602526873013
1391-03-31,0.1513257033889492
1391-04-03,0.15021188588105236
1391-04-04,0.21326519513071068
1391-04-05,0.2140486914054108
1391-04-06,0.22012235686801088
1391-04-07,0.2681725835549086
1391-04-10,0.2987578925956041
1391-04-11,0.2757327394435591
1391-04-12,0.2753189591791909
1391-04-13,0.27179762797188084
1391-04-14,0.27769027545220976
1391-04-17,0.29226956202770826
1391-04-18,0.28144717946805825
1391-04-19,0.3043387901150274
1391-04-20,0.305046287282983
1391-04-21,0.32647221677515403
1391-04-24,0.4761667038676436
1391-05-11,0.38911309537855004
1391-05-14,0.3666109105351386
1391-05-15,0.4147986396393185
1391-05-16,0.3968964435769631
1391-05-17,0.4922196997644597
1391-05-18,0.5631588703262552
1391-05-21,0.7115243537475359
1391-05-22,0.6745978628080281
1391-05-23,0.7749367908734657
1391-05-24,0.7994857797206402
1391-05-25,0.8011441471822371
1391-05-28,0.8024855508358433
1391-05-31,0.7886613840138982
1391-06-01,0.7834938177359486
1391-06-04,0.7990867028473353
1391-06-05,0.6860906555310758
1391-06-06,0.7255464857572805
1391-06-12,0.7467903209139132
1391-06-13,0.7290063626624854
1391-06-14,0.6896406783805672
1391-06-15,0.6266286599041773
1391-06-18,0.6307954190275171
1391-06-19,0.5783516473762752
1391-06-20,0.6371194403685904
1391-06-21,0.575364424358272
1391-06-25,0.6171176412444135
1391-06-26,0.6112849270000994
1391-06-27,0.6112271055284018
1391-06-28,0.5389478955244154
1391-06-29,0.5117571586547393
1391-07-01,0.6928645419610983
1391-07-02,0.6912905891263728
1391-07-03,0.6524757559132185
1391-07-04,0.6619124809825664
1391-07-05,0.7358677700981391
1391-07-08,0.7146796183415164
1391-07-09,0.551157419041085
1391-07-10,0.518930577607611
1391-07-11,0.7052256795715756
1391-07-12,0.5932144042498514
1391-07-15,0.62642761845794
1391-07-16,0.6940709526178164
1391-07-17,0.7041633630158818
1391-07-18,0.5252578860308337
1391-07-19,0.4807880315724572
1391-07-22,0.4618528210208939
1391-07-23,0.4616686632813226
1391-07-24,0.5088546466320063
1391-07-25,0.5366337695753726
1391-07-26,0.7189180445968257
1391-08-01,0.5429615385119136
1391-08-02,0.4981093615439928
1391-08-03,0.5288737794673358
1391-08-06,0.48303473678259357
1391-08-07,0.4225012482979496
1391-08-08,0.40554406548245403
1391-08-09,0.3860777737399728
1391-08-10,0.3912512880534682
1391-08-14,0.37743903166348886
1391-08-15,0.39293302988627254
1391-08-16,0.39320756675269636
1391-08-17,0.42852542426507695
1391-08-20,0.39633231414121184
1391-08-21,0.39140084461628427
1391-08-22,0.33523093141648874
1391-08-23,0.43072875233321406
1391-08-24,0.4709165649859633
1391-08-27,0.3833696628450049
1391-08-28,0.2739143303179224
1391-08-29,0.25299067480369086
1391-08-30,0.38226006371574955
1391-09-01,0.4400438720037598
1391-09-06,0.5234784498575868
1391-09-07,0.5820877450484903
1391-09-08,0.5266855930772675
1391-09-11,0.6567521893119295
1391-09-12,0.5660892196937608
1391-09-13,0.559248599244224
1391-09-14,0.7003858593619255
1391-09-15,0.7210385886969009
1391-09-18,0.6609964862674463
1391-09-19,0.6927572432767191
1391-09-20,0.5774208337367249
1391-09-21,0.5307260783230043
1391-09-22,0.5538397323163969
1391-09-25,0.6008824078943746
1391-09-26,0.7081892438201136
1391-09-27,0.7026671098172753
1391-09-28,0.6715907763233793
1391-09-29,0.4734755255039043
1391-10-02,0.4930412444959432
1391-10-03,0.568112227830366
1391-10-04,0.5421738743653575
1391-10-05,0.3320063752097952
1391-10-06,0.48499888453061746
1391-10-09,0.3804964977699077
1391-10-10,0.37289997424472393
1391-10-11,0.4997719759356244
1391-10-12,0.34902453820221646
1391-10-13,0.32491686539595227
1391-10-17,0.31197284458012553
1391-10-18,0.3429985260458521
1391-10-19,0.34070619158592774
1391-10-20,0.4045565832851071
1391-10-24,0.37888926409851487
1391-10-25,0.560838191001966
1391-10-26,0.4463277874147646
1391-10-27,0.45357134810648553
1391-10-30,0.3581152260047312
1391-11-01,0.28380912828367905
1391-11-02,0.2528864971679971
1391-11-03,0.25913895578384427
1391-11-04,0.3084441560500803
1391-11-07,0.3356147809565879
1391-11-08,0.2549647085159878
1391-11-09,0.25771208665453144
1391-11-11,0.1747289368986385
1391-11-14,0.19206975625646336
1391-11-17,0.2148820940460104
1391-11-18,0.3905240095480367
1391-11-21,0.49215548042154256
1391-11-23,0.5185347702214795
1391-11-24,0.37272246827434835
1391-11-25,0.3584994071658991
1391-11-28,0.40081327269057626
1391-11-29,0.4165381698491785
1391-11-30,0.3742373172699768
1391-12-01,0.3607537424915807
1391-12-02,0.36374654064521855
1391-12-05,0.3331738455093085
1391-12-06,0.2626341758583483
1391-12-07,0.27767298865910206
1391-12-08,0.34303318682481193
1391-12-09,0.37805191448660724
1391-12-12,0.22396952386587032
1391-12-13,0.24197788794952155
1391-12-14,0.22575403949261955
1391-12-15,0.25531449744383045
1391-12-16,0.3065988536316765
1391-12-19,0.2629726927048317
1391-12-20,0.496514924221008
1391-12-21,0.4533501228380729
1391-12-22,0.5303294393332242
1391-12-23,0.5642953722532876
1391-12-26,0.5258195476669428
1391-12-27,0.4750155067768593
1391-12-28,0.5720277295594086
1392-01-05,0.6193681579130295
1392-01-06,0.5993888236985317
1392-01-07,0.5364727950322946
1392-01-10,0.5424281944114558
1392-01-11,0.5195619078297943
1392-01-14,0.4367339362406946
1392-01-17,0.45147702765156983
1392-01-18,0.40294953428279445
1392-01-19,0.42690173926079944
1392-01-20,0.425425452534647
1392-01-21,0.43330251231947936
1392-01-24,0.3426356385334574
1392-01-26,0.3920089046895256
1392-01-27,0.4119462575906831
1392-01-28,0.27943493714564727
1392-01-31,0.29176385021475126
1392-02-01,0.44144801212370327
1392-02-02,0.572800922555827
1392-02-03,0.6579031317875419
1392-02-04,0.578114798732812
1392-02-07,0.576259424445926
1392-02-08,0.5426393807322817
1392-02-09,0.6414181906548714
1392-02-10,0.5844345992805494
1392-02-11,0.6029971002617637
1392-02-14,0.6632037112851558
1392-02-15,0.5282831009529164
1392-02-16,0.4765245338677482
1392-02-17,0.4415271159669579
1392-02-18,0.43248065079099407
1392-02-21,0.42198539908075694
1392-02-22,0.3870942449460422
1392-02-23,0.3441181069764703
1392-02-24,0.3032848945388156
1392-02-25,0.2768921601032379
1392-02-28,0.30887909888272674
1392-02-29,0.4522424378774736
1392-02-30,0.4297986872214446
1392-02-31,0.4627915676744462
1392-03-01,0.45556403156964476
1392-03-04,0.5102261929074304
1392-03-05,0.569779708645513
1392-03-06,0.5534954692840761
1392-03-07,0.5472407642047831
1392-03-08,0.608746952376138
1392-03-11,0.5807648164069449
1392-03-12,0.5798438267496003
1392-03-13,0.5663466813643926
1392-03-18,0.5135515566793016
1392-03-19,0.5204739040140215
1392-03-20,0.5748397358011745
1392-03-21,0.6509583454937311
1392-03-22,0.6464286119340186
1392-03-25,0.6732589795195792
1392-03-26,0.6780130135425634
1392-03-27,0.6578894037230499
1392-03-28,0.4958381816757087
1392-03-29,0.4846859691471709
1392-04-01,0.4035555524568773
1392-04-02,0.39161578762987076
1392-04-04,0.43382239280535984
1392-04-05,0.510670045387277
1392-04-08,0.6257118442911682
1392-04-09,0.6454818611860653
1392-04-10,0.3781275255819084
1392-04-11,0.34169715320340865
1392-04-12,0.3460693455381176
1392-04-15,0.4801036532185767
1392-04-16,0.383573333868714
1392-04-17,0.3763010654055907
1392-04-18,0.3304463421712306
1392-04-19,0.35436527823574443
1392-04-22,0.3461900415365512
1392-04-23,0.3595067900886141
1392-04-24,0.349122736484887
1392-04-25,0.35088224951353514
1392-05-06,0.6254470360137272
1392-05-07,0.6570879187223165
1392-05-09,0.6832740362297182
1392-05-12,0.4569510530889645
1392-05-13,0.35297004632179446
1392-05-14,0.34268022185366076
1392-05-15,0.4755059299531824
1392-05-16,0.3819315947554047
1392-05-20,0.3798150925437248
1392-05-21,0.3876682171548806
1392-05-22,0.3353631698426582
1392-05-23,0.3385658414979584
1392-05-26,0.35386583618519585
1392-05-27,0.3429097500691316
1392-05-28,0.36894785544867564
1392-05-29,0.2514209425340068
1392-05-30,0.23437440914465218
1392-06-02,0.21170234041260932
1392-06-03,0.19605784495534248
1392-06-04,0.22566976870752542
1392-06-05,0.19315034639796352
1392-06-06,0.2435969334450511
1392-06-09,0.294504839612219
1392-06-10,0.44076884146831646
1392-06-12,0.41122833662443986
1392-06-13,0.2907295160993895
1392-06-16,0.2181805032332683
1392-06-17,0.3425279044698508
1392-06-18,0.4144814086586732
1392-06-19,0.48541574798646714
1392-06-20,0.5437939888991953
1392-06-23,0.49984035423728773
1392-06-24,0.48185010299170733
1392-06-25,0.48273955050885475
1392-06-26,0.4987335914188616
1392-06-27,0.5369733383128373
1392-06-30,0.4885052776602817
1392-06-31,0.47452515083072333
1392-07-01,0.5312613906668806
1392-07-02,0.5502851939008896
1392-07-03,0.48007940775946517
1392-07-06,0.4910189940089541
1392-07-07,0.5422865774086209
1392-07-08,0.5903769899655266
1392-07-09,0.6071309553137513
1392-07-10,0.5783081935206218
1392-07-13,0.5967075628719497
1392-07-14,0.6133746349963912
1392-07-15,0.554027574645072
1392-07-16,0.5660988363523339
1392-07-17,0.6436630864416946
1392-07-20,0.6873151655589071
1392-07-21,0.648817029276285
1392-07-22,0.6941970262154443
1392-07-23,0.6792370883369728
1392-07-27,0.5497738965788853
1392-07-28,0.5448560569076002
1392-07-29,0.5783242562224616
1392-07-30,0.4341178368393784
1392-08-01,0.5814531444174684
1392-08-04,0.46684036525673395
1392-08-05,0.4214035120275085
1392-08-06,0.4453238041569254
1392-08-07,0.3970263306207929
1392-08-08,0.4175600693866922
1392-08-11,0.37825670768208025
1392-08-12,0.3959820120225906
1392-08-13,0.36053282132531583
1392-08-14,0.31501594430471797
1392-08-15,0.27993878711116293
1392-08-18,0.2687535008356891
1392-08-19,0.2589469615729846
1392-08-20,0.23829258335393824
1392-08-21,0.3801588921579167
1392-08-25,0.40431873124874557
1392-08-26,0.43326933789150607
1392-08-27,0.5435840787595111
1392-08-28,0.6052508783419299
1392-08-29,0.5447944519068542
1392-09-02,0.5485661063050596
1392-09-03,0.5421389208030203
1392-09-04,0.4767420540473713
1392-09-05,0.4283058487210651
1392-09-06,0.4111253489099408
1392-09-09,0.46056163699455377
1392-09-10,0.6257843641232361
1392-09-11,0.5350550572831148
1392-09-12,0.5335255242291024
1392-09-13,0.4801985881948004
1392-09-16,0.47406829735449
1392-09-17,0.4914403693378684
1392-09-18,0.592020432736445
1392-09-19,0.7185934908130084
1392-09-20,0.576704523018815
1392-09-23,0.519900852071947
1392-09-24,0.7086594758725049
1392-09-25,0.6892466351501735
1392-09-26,0.5595748414263574
1392-09-27,0.4359628971405166
1392-09-30,0.4141152061662012
1392-10-01,0.4132178282842696
1392-10-03,0.5287093949135235
1392-10-04,0.6857097844300548
1392-10-07,0.660073698267309
1392-10-08,0.5204747753324271
1392-10-09,0.6249363515978734
1392-10-11,0.5417762846550541
1392-10-14,0.6548718466926435
1392-10-15,0.6568876980486505
1392-10-16,0.635338210773606
1392-10-17,0.5328153247970006
1392-10-18,0.5001386368899569
1392-10-21,0.5661403443987094
1392-10-22,0.4632361762435586
1392-10-23,0.4530498550393683
1392-10-24,0.41684507186084924
1392-10-25,0.40332725913811707
1392-10-28,0.3026209067186645
1392-10-30,0.2763077337204523
1392-11-01,0.2535988639419308
1392-11-02,0.2120415719901987
1392-11-05,0.22867196183113322
1392-11-06,0.20771461168289787
1392-11-07,0.2444217033652794
1392-11-08,0.26316831436338445
1392-11-09,0.39836895689953544
1392-11-12,0.4224488363502227
1392-11-13,0.2546099909673302
1392-11-14,0.2697413573438422
1392-11-15,0.24184038649491482
1392-11-16,0.24554958690376355
1392-11-19,0.21979252960203946
1392-11-20,0.38569691093621505
1392-11-21,0.3585266270910752
1392-11-23,0.2700771062707678
1392-11-26,0.24038387047356222
1392-11-27,0.42550103246529747
1392-11-28,0.5077916855931877
1392-11-29,0.44853284839167157
1392-11-30,0.4647587112732147
1392-12-03,0.47635373073610693
1392-12-04,0.3738020337201227
1392-12-05,0.26518390424022154
1392-12-06,0.2294215834924019
1392-12-07,0.1924115771147368
1392-12-10,0.3382127934233924
1392-12-11,0.18966907497096994
1392-12-12,0.17424839983401777
1392-12-13,0.2017641581333483
1392-12-14,0.33594614577324133
1392-12-17,0.3775072623775758
1392-12-18,0.19716126681335555
1392-12-19,0.19957010654873775
1392-12-20,0.17182136672267206
1392-12-21,0.42055531772308724
1392-12-24,0.5506306236135429
1392-12-25,0.6104175966018938
1392-12-26,0.6342318015452642
1392-12-27,0.550762486477133
1392-12-28,0.6041017557536514
1393-01-05,0.5512883500120687
1393-01-06,0.5179309657681974
1393-01-09,0.49763824544019514
1393-01-10,0.5588125247282693
1393-01-11,0.4831096251947167
1393-01-16,0.49020541292330877
1393-01-17,0.43680509050890226
1393-01-18,0.4521159308887273
1393-01-19,0.4583426154926326
1393-01-20,0.48325563365408963
1393-01-23,0.3649553762366329
1393-01-24,0.3707530082757398
1393-01-25,0.3629553274144414
1393-01-26,0.4441396442691437
1393-01-27,0.4205285707077669
1393-01-30,0.43534043546974455
1393-01-31,0.53449166946571
1393-02-01,0.5655906647324086
1393-02-02,0.5595393337106748
1393-02-03,0.631720251572054
1393-02-06,0.6394885881426341
1393-02-07,0.4874740017302536
1393-02-08,0.505479510750781
1393-02-09,0.4714726379114539
1393-02-10,0.4580574530747799
1393-02-13,0.42234910415997046
1393-02-14,0.4037818678618659
1393-02-15,0.45608186215836893
1393-02-16,0.4634849285125264
1393-02-17,0.4244808995567989
1393-02-20,0.4126117822444364
1393-02-21,0.4007393926759086
1393-02-22,0.31786558845302554
1393-02-24,0.37788303354237407
1393-02-27,0.36574441409217295
1393-02-28,0.24281954292282557
1393-02-29,0.20930509294928443
1393-02-30,0.39489342102854913
1393-02-31,0.4155360934647144
1393-03-03,0.4080096698087451
1393-03-04,0.3718933530180454
1393-03-05,0.2801166225887665
1393-03-07,0.30704869540877905
1393-03-10,0.2774468843905313
1393-03-11,0.20140591494476903
1393-03-12,0.17494653918117703
1393-03-13,0.17107253662575686
1393-03-17,0.1686920265410503
1393-03-18,0.1692704738522223
1393-03-19,0.1703188245705454
1393-03-20,0.16696012005173766
1393-03-21,0.17302511587431038
1393-03-24,0.16921424443924388
1393-03-25,0.1712071789621344
1393-03-26,0.15162105081231633
1393-03-27,0.16605701731460523
1393-03-28,0.29849089081783775
1393-03-31,0.40104280040773116
1393-04-01,0.4825412949720464
1393-04-02,0.46158659832695537
1393-04-03,0.47944192479713743
1393-04-04,0.430918037404922
1393-04-07,0.397804551287658
1393-04-08,0.3057787817603954
1393-04-09,0.28125552457809766
1393-04-10,0.3697935353931824
1393-04-11,0.36827550976368656
1393-04-14,0.49368096863717426
1393-04-15,0.44518757174519086
1393-04-16,0.4216779918726672
1393-04-17,0.4787460316930938
1393-04-18,0.49341113528498354
1393-04-21,0.5282451402605058
1393-04-22,0.522694774098264
1393-04-23,0.4982204837181695
1393-04-24,0.3739812640529037
1393-05-01,0.4728081077456414
1393-05-04,0.47486024392918075
1393-05-05,0.47316933333237027
1393-05-06,0.44797419554331036
1393-05-19,0.5382435264488495
1393-05-20,0.4932829153061915
1393-05-21,0.48638391367654493
1393-05-22,0.42578024245257606
1393-05-25,0.35899562009101343
1393-05-26,0.31127638689070286
1393-05-27,0.28269876054887666
1393-05-28,0.31418394632448204
1393-05-29,0.20865515533356632
1393-06-01,0.1793591713684612
1393-06-02,0.18659546840377392
1393-06-03,0.15956003395650598
1393-06-04,0.16122124800526644
1393-06-05,0.17265335577315408
1393-06-08,0.15601824849439494
1393-06-09,0.14844405230852864
1393-06-10,0.16178530721800172
1393-06-11,0.1489764918279854
1393-06-12,0.1685066040483445
1393-06-15,0.17620247518003623
1393-06-16,0.404669599952321
1393-06-17,0.46208207582523647
1393-06-18,0.5152377237492982
1393-06-19,0.4471536650585457
1393-06-22,0.3833751302095238
1393-06-23,0.40156606249774307
1393-06-24,0.3892559361875496
1393-06-25,0.34740721330689683
1393-06-26,0.3579539010893908
1393-06-29,0.3151582550255822
1393-06-30,0.3014319359663658
1393-06-31,0.31698449648347893
1393-07-01,0.2971126786465988
1393-07-02,0.2377331363161732
1393-07-05,0.19560480429010252
1393-07-06,0.20060335966028417
1393-07-07,0.2598372708935399
1393-07-08,0.3829119456447317
1393-07-09,0.370802955197971
1393-07-12,0.3998436838802585
1393-07-14,0.3983337890704776
1393-07-15,0.4259965046639005
1393-07-16,0.4015720980325878
1393-07-22,0.3514412405836612
1393-07-23,0.39507591137231346
1393-07-26,0.4689911838013574
1393-07-27,0.43149881542853724
1393-07-28,0.5804745542732725
1393-07-29,0.46309941199573573
1393-07-30,0.42518984996401255
1393-08-03,0.38730317684108245
1393-08-04,0.38587484290940294
1393-08-05,0.3610489464390407
1393-08-06,0.3159692464275654
1393-08-07,0.3003964278301722
1393-08-10,0.2878209554890698
1393-08-11,0.2935376999792337
1393-08-14,0.33449403922867293
1393-08-17,0.23635931726965528
1393-08-18,0.2512335306182912
1393-08-19,0.19098329766036054
1393-08-20,0.16855116839708695
1393-08-21,0.13181770452510735
1393-08-24,0.10342010882391932
1393-08-25,0.09074639895212012
1393-08-26,0.08841558198906146
1393-08-27,0.09125145377033303
1393-08-28,0.10768729200305892
1393-09-01,0.09989374499439863
1393-09-02,0.15920736560649454
1393-09-03,0.12310773619037926
1393-09-04,0.09988902754076612
1393-09-05,0.11236084738682994
1393-09-08,0.1540814054683646
1393-09-09,0.1424633184845337
1393-09-10,0.13759076837789475
1393-09-11,0.09711832185614447
1393-09-12,0.10589492307087683
1393-09-15,0.2098127405617032
1393-09-16,0.13264584437934568
1393-09-17,0.21295666056923102
1393-09-18,0.15094715153270336
1393-09-19,0.09284214184006319
1393-09-23,0.09839025841423718
1393-09-24,0.10703681622149601
1393-09-25,0.09765666330440458
1393-09-26,0.08456012336448976
1393-09-29,0.10618268550587019
1393-10-01,0.18345807824655186
1393-10-03,0.14298219118165353
1393-10-06,0.2556371960683547
1393-10-07,0.2624662497219181
1393-10-08,0.31225229940573107
1393-10-09,0.36010532764620734
1393-10-10,0.2430626863076691
1393-10-13,0.32521262832781506
1393-10-14,0.2788830367388387
1393-10-15,0.3014135609946182
1393-10-16,0.28702866619147244
1393-10-17,0.3124776455800883
1393-10-20,0.21686890260511565
1393-10-21,0.163880976364044
1393-10-22,0.28545162319791273
1393-10-23,0.1620456885413576
1393-10-24,0.1262030303329522
1393-10-27,0.1333346148607466
1393-10-28,0.11263116806306167
1393-10-29,0.09545463091997552
1393-10-30,0.08299167511917264
1393-11-01,0.0925886545973247
1393-11-04,0.0925886545973247
1393-11-05,0.09718217689282649
1393-11-06,0.08504322279570434
1393-11-07,0.09260339363055455
1393-11-08,0.16747647098380428
1393-11-11,0.24575793916564406
1393-11-12,0.15152043656559175
1393-11-13,0.13475102361526337
1393-11-14,0.1909328337470472
1393-11-15,0.21748494313773445
1393-11-18,0.16186329331335134
1393-11-19,0.208261553586678
1393-11-20,0.16429832953782844
1393-11-21,0.10995588582696215
1393-11-25,0.10257328782659707
1393-11-26,0.10646514922941513
1393-11-27,0.3132749869700559
1393-11-28,0.2832403624589491
1393-11-29,0.33702982494881323
1393-12-02,0.28625005940207143
1393-12-03,0.20712513886620468
1393-12-04,0.25632079646773487
1393-12-05,0.18525790970636025
1393-12-06,0.20868275854542934
1393-12-09,0.24734109946833663
1393-12-10,0.37991787309867564
1393-12-11,0.49973951571372893
1393-12-12,0.5865272739065246
1393-12-13,0.5307840257050258
1393-12-16,0.46112151929848494
1393-12-17,0.5456075219443406
1393-12-18,0.6064677800623526
1393-12-19,0.5662103784872439
1393-12-20,0.5793684673265327
1393-12-23,0.49354761857046875
1393-12-24,0.49266139623117255
1393-12-25,0.5166129135823542
1393-12-26,0.5685977681636216
1393-12-27,0.5704032783000441
1394-01-05,0.5251701483802467
1394-01-08,0.6372517892403441
1394-01-09,0.6290570188951639
1394-01-10,0.5143238649883203
1394-01-11,0.5630306151533799
1394-01-15,0.6091594819599437
1394-01-16,0.5746286135767922
1394-01-17,0.4082255814167092
1394-01-18,0.31212044369655123
1394-01-19,0.27107912983532895
1394-01-22,0.2758553286417273
1394-01-23,0.31496702443154034
1394-01-24,0.27354568768940934
1394-01-25,0.27047215390587
1394-01-26,0.2998489862109986
1394-01-29,0.3531772646099704
1394-01-30,0.3092175580758815
1394-01-31,0.2684328516904193
1394-02-01,0.2996482880794552
1394-02-02,0.22180396350918433
1394-02-05,0.20390865516957038
1394-02-06,0.1911922457978563
1394-02-07,0.13551255311277824
1394-02-08,0.11623081431292367
1394-02-09,0.1909449209926273
1394-02-13,0.12574304353614932
1394-02-14,0.11243622421507964
1394-02-15,0.0983337740827069
1394-02-16,0.10636737805672107
1394-02-19,0.09793917081769433
1394-02-20,0.10246739194561136
1394-02-21,0.1670650767203322
1394-02-22,0.19658957672487035
1394-02-23,0.21465311702967338
1394-02-27,0.3369761075485217
1394-02-28,0.32007500779426246
1394-02-29,0.31668131586666165
1394-02-30,0.32774792344186426
1394-03-02,0.2589124009012341
1394-03-03,0.3016912995905635
1394-03-04,0.305528968451743
1394-03-05,0.29280975771476986
1394-03-06,0.29734212666397475
1394-03-09,0.25406597298054356
1394-03-10,0.23767420926741561
1394-03-11,0.30162182097990303
1394-03-12,0.30598179575741485
1394-03-16,0.2581949728904386
1394-03-17,0.1946281274591691
1394-03-18,0.1575833845723735
1394-03-19,0.12566595644465825
1394-03-20,0.17551860161182395
1394-03-23,0.14592462090389996
1394-03-24,0.12844654239330652
1394-03-25,0.1217463105475585
1394-03-26,0.12138191459632787
1394-03-27,0.22316468056177147
1394-03-30,0.16406579094788512
1394-03-31,0.23729533271825137
1394-04-01,0.2555504017447487
1394-04-02,0.2539481516038299
1394-04-03,0.26616135308360794
1394-04-06,0.25870206628049225
1394-04-07,0.2748280687076472
1394-04-08,0.2520797672122571
1394-04-09,0.26540892232450264
1394-04-10,0.2862182621637446
1394-04-13,0.290871334477939
1394-04-14,0.26077807841736994
1394-04-15,0.273642034149672
1394-04-16,0.28326743317925285
1394-04-20,0.2796547091639384
1394-04-21,0.29971949505804074
1394-04-22,0.27069529981690715
1394-04-23,0.21877779730152247
1394-04-24,0.3066782910028156
1394-06-18,0.2754759374571214
1394-06-21,0.2154781841840079
1394-06-22,0.1902202757137
1394-06-23,0.24514936400880663
1394-06-24,0.16389326583914346
1394-06-25,0.1857490488039205
1394-06-28,0.15876018173283912
1394-06-29,0.1902106846083665
1394-06-30,0.22756907233307866
1394-06-31,0.22135264591010878
1394-07-01,0.23533575831537404
1394-07-04,0.2457555905803993
1394-07-05,0.3621735077650124
1394-07-06,0.4051448169269742
1394-07-07,0.4342283871352008
1394-07-08,0.49833032551304907
1394-07-11,0.4938795305794754
1394-07-12,0.5952500693947119
1394-07-13,0.5974687496690753
1394-07-14,0.6391045466789073
1394-07-15,0.6377444780366432
1394-07-18,0.5901128302530353
1394-08-06,0.42809264852132933
1394-08-09,0.4266728700584358
1394-08-10,0.39717445010816155
1394-08-11,0.32455611017346414
1394-08-12,0.33894263273331693
1394-08-13,0.33024183534916923
1394-08-16,0.36021295981348955
1394-08-17,0.31693990485503803
1394-08-18,0.2933306035109375
1394-08-19,0.31725806869422135
1394-08-20,0.29136077696387364
1394-08-23,0.2781099901920032
1394-08-24,0.2744217747374151
1394-08-25,0.2529363936978348
1394-08-26,0.26470184999788193
1394-08-27,0.3117357509378703
1394-08-30,0.32327053448871423
1394-09-01,0.3230211579329806
1394-09-02,0.3317627817479318
1394-09-03,0.28118704058346033
1394-09-04,0.31684243278671226
1394-09-07,0.2649281924423782
1394-09-08,0.36619250692595806
1394-09-09,0.3953530813128375
1394-09-10,0.295820943015854
1394-09-14,0.24743783947633846
1394-09-15,0.21298040840840007
1394-09-16,0.17302826915599603
1394-09-17,0.29905582665160074
1394-09-18,0.1844202268312203
1394-09-22,0.1381274634517467
1394-09-23,0.13623297483810792
1394-09-24,0.1435477584503754
1394-09-25,0.23677042120798983
1394-09-28,0.14992431488402091
1394-09-29,0.1781940469812648
1394-09-30,0.2738813240768521
1394-10-01,0.2887132094719017
1394-10-02,0.32481457964215155
1394-10-05,0.22456102541168188
1394-10-06,0.25146720846590964
1394-10-07,0.19794173100609477
1394-10-09,0.17046766309086012
1394-10-12,0.1489920486117434
1394-10-13,0.16720166006169113
1394-10-14,0.19566015250032245
1394-10-15,0.1773690429697229
1394-10-16,0.1913768952430855
1394-10-19,0.16681199838737024
1394-10-20,0.18380410911996042
1394-10-21,0.20081894086436977
1394-10-22,0.21560902938113263
1394-10-23,0.24762318121029323
1394-10-26,0.3753817291111552
1394-10-27,0.30932185843297544
1394-10-28,0.4969459971514622
1394-10-29,0.49604858399152385
1394-10-30,0.5260453708028376
1394-11-03,0.5553089745345609
1394-11-04,0.6158192825651463
1394-11-05,0.6593554875299655
1394-11-06,0.48840455778243286
1394-11-07,0.45768514970836005
1394-11-10,0.4231869683430414
1394-11-11,0.4446266918229586
1394-11-12,0.6204637274033483
1394-11-13,0.6907605097965394
1394-11-14,0.6571403805782142
1394-11-17,0.4955784915307033
1394-11-18,0.4292073278720637
1394-11-19,0.6267977489443313
1394-11-20,0.47984888238116735
1394-11-21,0.3999238715064352
1394-11-24,0.3950442865394418
1394-11-25,0.4060894866761603
1394-11-26,0.44557885712019507
1394-11-27,0.4441626282174564
1394-11-28,0.5359184813333906
1394-12-01,0.5703687287547651
1394-12-02,0.5561964587143449
1394-12-03,0.6127541563412928
1394-12-04,0.5679269871401528
1394-12-05,0.44621961527128823
1394-12-08,0.45897252060839894
1394-12-09,0.4189942830113354
1394-12-10,0.4197360675777251
1394-12-11,0.37963075298508864
1394-12-12,0.3180485262929617
1394-12-15,0.426746237677625
1394-12-16,0.44751373344687806
1394-12-17,0.4452616206710256
1394-12-18,0.5695767356351962
1394-12-19,0.6977996363207976
1394-12-22,0.7042212919905769
1394-12-24,0.6367105338410659
1394-12-25,0.3917349839933042
1394-12-26,0.4437581859886242
1395-01-07,0.5532638891600509
1395-01-08,0.5677860978092654
1395-01-09,0.4491458304508925
1395-01-10,0.38152220576742485
1395-01-11,0.3764921953419052
1395-01-14,0.33313854133572973
1395-01-15,0.35810111731946503
1395-01-16,0.36415384499972864
1395-01-17,0.3389218055049509
1395-01-18,0.3432649949746661
1395-01-21,0.3718919983885626
1395-01-22,0.294482528687818
1395-01-23,0.352030775464484
1395-01-24,0.28636797126784475
1395-01-25,0.2530626825509193
1395-01-28,0.20939940961394254
1395-01-29,0.3265639933040563
1395-01-30,0.4486085193428884
1395-01-31,0.4495960226529301
1395-02-01,0.42997749164578425
1395-02-04,0.4015564533223701
1395-02-05,0.38202628137848077
1395-02-06,0.42904212253727014
1395-02-07,0.4205133794930826
1395-02-08,0.3770269424467557
1395-02-11,0.36380621084823367
1395-02-12,0.34816709028177617
1395-02-13,0.3721281618447068
1395-02-14,0.3189868240685803
1395-02-15,0.2618354939570651
1395-02-18,0.25736853728434095
1395-02-19,0.20727356811254807
1395-02-20,0.18723385945859541
1395-02-21,0.1867759610506327
1395-02-22,0.18240669701913959
1395-02-25,0.23808452960150606
1395-02-26,0.17981665656854862
1395-02-27,0.1827885338993053
1395-02-28,0.19159151645800354
1395-02-29,0.30187024065237467
1395-03-01,0.2750197279397116
1395-03-03,0.22135121825978166
1395-03-04,0.22898974651234297
1395-03-05,0.23239447899829271
1395-03-08,0.26338724199504343
1395-03-09,0.2526466028743421
1395-03-10,0.2314613078733647
1395-03-11,0.19254220740783998
1395-03-12,0.2370462645523475
1395-03-16,0.25150754533221603
1395-03-17,0.23092478110964895
1395-03-18,0.2301848188366003
1395-03-19,0.1954298258574533
1395-03-22,0.20324770787619578
1395-03-23,0.23551117748872544
1395-03-24,0.22938607478550088
1395-03-25,0.24472834024144313
1395-03-26,0.26061118594463956
1395-03-29,0.21637718768818484
1395-03-30,0.216756945300384
1395-03-31,0.24694241618448162
1395-04-01,0.56850025017113
1395-04-02,0.6605500245776501
1395-04-05,0.645091934826081
1395-04-06,0.6278045721074373
1395-04-08,0.6234785798701811
1395-04-09,0.5924619929877359
1395-04-12,0.6634936972244677
1395-04-13,0.583455751131083
1395-04-14,0.5741212051707052
1395-04-15,0.5778709102880158
1395-04-19,0.5496017647060842
1395-04-20,0.5141609734325531
1395-04-21,0.5432304718930165
1395-04-22,0.5371981691661165
1395-04-23,0.5286921937969118
1395-04-26,0.6024502237652537
1395-04-27,0.6506989424365937
1395-05-02,0.6379454592985792
1395-05-03,0.64841678251968
1395-05-04,0.521881363630788
1395-05-05,0.38340578403153913
1395-05-06,0.39736204370758543
1395-05-10,0.47780901284303523
1395-05-11,0.39562024459331996
1395-05-12,0.5223125198411851
1395-05-13,0.4504984395860368
1395-05-16,0.6604962211353781
1395-05-17,0.4324322421662945
1395-05-18,0.41500517620296506
1395-05-19,0.3801140217574144
1395-05-20,0.37551724846565065
1395-05-23,0.37026969748999033
1395-05-24,0.34269210314611387
1395-05-25,0.26295164578396263
1395-05-26,0.3926741906577047
1395-05-27,0.2807385220586181
1395-05-30,0.23052512560530594
1395-05-31,0.30458171898248343
1395-06-01,0.2216249210198296
1395-06-02,0.1910623448754006
1395-06-03,0.19510435678246693
1395-06-06,0.207316384536938
1395-06-07,0.21982185892306533
1395-06-08,0.23095764705706112
1395-06-09,0.33791813145890265
1395-06-10,0.2513440133914617
1395-06-13,0.19983677312638082
1395-06-14,0.2187335659965992
1395-06-15,0.23761900808574168
1395-06-16,0.22826573069865191
1395-06-17,0.24897635572885415
1395-06-20,0.23938494666296833
1395-06-21,0.21036251679162404
1395-06-23,0.23366643948004268
1395-06-24,0.26940228069501665
1395-06-27,0.2630187224040069
1395-06-28,0.2652733065385583
1395-06-29,0.29937540071660884
1395-06-31,0.34960295719553963
1395-07-03,0.46743028687552346
1395-07-04,0.3658597364981978
1395-07-05,0.49427798000557804
1395-07-06,0.6490989107036228
1395-07-07,0.5750792474467848
1395-07-10,0.5518926206701624
1395-07-11,0.49770579430375905
1395-07-12,0.40617564244516735
1395-07-13,0.4649718468523201
1395-07-14,0.40003132117870677
1395-07-17,0.3878556606701422
1395-07-18,0.5620932638263898
1395-07-19,0.5828579979145371
1395-07-24,0.6388168473241236
1395-07-25,0.557851508859708
1395-07-26,0.6182103546684721
1395-07-27,0.5171791182276126
1395-07-28,0.5747574734692955
1395-08-01,0.571381998102045
1395-08-02,0.5930777329750481
1395-08-03,0.5201412161374644
1395-08-04,0.6009251410085397
1395-08-05,0.6516200930909946
1395-08-08,0.5260791993858828
1395-08-09,0.4643710942100973
1395-08-10,0.41608188550517866
1395-08-11,0.38281728059639447
1395-08-12,0.4128214301352473
1395-08-15,0.40106695002960696
1395-08-16,0.4035346743096587
1395-08-17,0.5763347779505448
1395-08-18,0.6938713565229679
1395-08-19,0.547286130355707
1395-08-22,0.7044231494766382
1395-08-23,0.6308496568147584
1395-08-24,0.5977973724765173
1395-08-25,0.5340627518842329
1395-08-26,0.39801320077799435
1395-08-29,0.4688826355336751
1395-09-01,0.47519737495414127
1395-09-02,0.4939944342059144
1395-09-03,0.4506197769584294
1395-09-06,0.5302774287023319
1395-09-07,0.5774535423158775
1395-09-09,0.6879318545320986
1395-09-13,0.5842143364794425
1395-09-14,0.6661735140636765
1395-09-15,0.6892300313476006
1395-09-16,0.5669562134686672
1395-09-17,0.5862662389982414
1395-09-20,0.39045053916549743
1395-09-21,0.40655215093761676
1395-09-22,0.39411144643269874
1395-09-23,0.3890066208414845
1395-09-24,0.539134806533632
1395-09-28,0.45935588331806276
1395-09-29,0.44371558764002067
1395-09-30,0.43977049436727267
1395-10-01,0.4369096426610222
1395-10-04,0.3662433466990864
1395-10-05,0.3627510511417832
1395-10-06,0.449633154271604
1395-10-07,0.31036153360982255
1395-10-08,0.252463106926266
1395-10-11,0.21818138406912693
1395-10-12,0.18120762236280022
1395-10-13,0.29514404237497666
1395-10-14,0.32480280367003395
1395-10-15,0.4319272363109398
1395-10-18,0.436951164632873
1395-10-19,0.5030692400495738
1395-10-20,0.4992860202270303
1395-10-22,0.5289717005628832
1395-10-25,0.5366112539169063
1395-10-26,0.5655393328254323
1395-10-27,0.5539562965851518
1395-10-28,0.5722578513502502
1395-10-29,0.5403376195963105
1395-11-02,0.5117133733542918
1395-11-03,0.5044517614300931
1395-11-04,0.530790512220396
1395-11-05,0.5502355511251579
1395-11-06,0.4738193998108793
1395-11-09,0.36329725973126004
1395-11-10,0.39537948373825155
1395-11-11,0.3608820070321032
1395-11-12,0.367228605561145
1395-11-13,0.25108076720668193
1395-11-16,0.21883719420768705
1395-11-17,0.20972404300783484
1395-11-18,0.19877401729892577
1395-11-19,0.1715212032836867
1395-11-20,0.21615159230309014
1395-11-23,0.22512602015952876
1395-11-24,0.29216101810860684
1395-11-25,0.3364231284460147
1395-11-26,0.38758455237731204
1395-11-27,0.49411470308444355
1395-12-08,0.47035934984364464
1395-12-09,0.5149341907176684
1395-12-10,0.4717809436915794
1395-12-11,0.5236944569667867
1395-12-14,0.4483414841435875
1395-12-15,0.40140540137786035
1395-12-16,0.3910429712514341
1395-12-17,0.4041433464981866
1395-12-18,0.3425590677527093
1395-12-21,0.3061865296527899
1395-12-22,0.3116950225515748
1395-12-23,0.2580962839124641
1395-12-28,0.41025632549975954
1396-01-05,0.4630925251125999
1396-01-06,0.4706503977858746
1396-01-07,0.47270602124455535
1396-01-08,0.47149068781453674
1396-01-09,0.4618257236810907
1396-01-14,0.4549860045804636
1396-01-15,0.4596725557450806
1396-01-16,0.4772139171452427
1396-01-19,0.46044609992060964
1396-01-20,0.4374584708095333
1396-01-21,0.32465932580779766
1396-01-23,0.2824577709572457
1396-01-26,0.37322023202834537
1396-01-27,0.27770531303829904
1396-01-28,0.2512291462559298
1396-01-29,0.21843671533402334
1396-01-30,0.3187051357028144
1396-02-02,0.33000060822202015
1396-02-03,0.36288358145125943
1396-02-04,0.3150173737112293
1396-02-06,0.4680158763202771
1396-02-09,0.5882030685409951
1396-02-10,0.5344831779129869
1396-02-11,0.5672271303971669
1396-02-12,0.527667161676866
1396-02-13,0.5853137463856776
1396-02-16,0.5090329237710857
1396-02-17,0.5171135671248609
1396-02-18,0.5244534406887067
1396-02-19,0.5816297917632061
1396-02-20,0.6180758514964704
1396-02-23,0.5726072273591277
1396-02-24,0.587738196578716
1396-02-25,0.5520760108284917
1396-02-26,0.6022676534062328
1396-02-27,0.42223723802130336
1396-02-30,0.42778672771684406
1396-02-31,0.5750748990735449
1396-03-01,0.6278067214141645
1396-03-02,0.6066360934540218
1396-03-03,0.6836193051591237
1396-03-06,0.6691132046982341
1396-03-07,0.6328164689648828
1396-03-08,0.6627535720766468
1396-03-09,0.6326685814954037
1396-03-10,0.6280060453743178
1396-03-13,0.6384053424392596
1396-03-16,0.6760469968310178
1396-03-17,0.6388010104241801
1396-03-20,0.6493053308142301
1396-03-21,0.663813991012917
1396-03-22,0.567062535328172
1396-03-23,0.5605085012464299
1396-03-24,0.5974434991199519
1396-03-27,0.43775188971967277
1396-03-28,0.43939752109549984
1396-04-04,0.6615084881201657
1396-04-07,0.6905644226242303
1396-04-10,0.6971548596010168
1396-04-11,0.651707439665892
1396-04-12,0.692151493162072
1396-04-13,0.6623841412096554
1396-04-14,0.7001703227330851
1396-04-17,0.7338977180688444
1396-04-18,0.7232264492634216
1396-04-19,0.7445680120366407
1396-04-20,0.6757692597613936
1396-04-21,0.7208851352433516
1396-04-24,0.691199837899864
1396-04-25,0.7447182243330494
1396-04-26,0.7507820059057904
1396-05-01,0.6653906138022518
1396-05-02,0.7482159860297649
1396-05-03,0.7443045947305315
1396-05-04,0.5658111559463991
1396-05-07,0.5873663841904775
1396-05-08,0.6510338367192563
1396-05-09,0.7384732663466766
1396-05-10,0.7570993111874399
1396-05-11,0.7517762106235196
1396-05-15,0.6385355386111113
1396-05-16,0.7333204433114417
1396-05-17,0.7682167511935045
1396-05-18,0.7872648646660599
1396-05-21,0.7706096740792634
1396-05-22,0.6965594645936007
1396-05-23,0.7872307669861394
1396-05-24,0.7075131917968984
1396-05-25,0.7113338124164326
1396-05-28,0.7529007864216971
1396-05-29,0.7347173368230877
1396-05-30,0.7492905176827098
1396-05-31,0.7481110178401578
1396-06-01,0.733099636615227
1396-06-04,0.7398145619915922
1396-06-05,0.7407635822307402
1396-06-06,0.7958079593190068
1396-06-07,0.725156331741905
1396-06-08,0.6196121135512854
1396-06-11,0.5330456220970724
1396-06-12,0.5354503095010392
1396-06-13,0.6704708295952927
1396-06-14,0.7233937309814119
1396-06-15,0.6901899026490202
1396-06-19,0.5076758975263617
1396-06-20,0.7012895929159404
1396-06-21,0.7148352856260338
1396-06-22,0.7532072662222578
1396-06-25,0.6740731567983095
1396-06-26,0.732492495852632
1396-06-27,0.7832090763784733
1396-06-28,0.7895473257033252
1396-06-29,0.7545050517117083
1396-07-01,0.6855342774802402
1396-07-02,0.6106984502415164
1396-07-03,0.6428682427763546
1396-07-04,0.573324930964691
1396-07-05,0.712837332739609
1396-07-10,0.5216184294900477
1396-07-11,0.5280864616104329
1396-07-12,0.5032295974014496
1396-07-15,0.3628935666591068
1396-07-16,0.3570386429029857
1396-07-17,0.35201848426643967
1396-07-18,0.45510476579708126
1396-07-19,0.552237350930476
1396-07-22,0.7138047801425417
1396-07-23,0.7714035293541814
1396-07-24,0.7923110398367458
1396-07-25,0.7812117836268194
1396-07-26,0.7822999711361827
1396-07-29,0.7608147406735049
1396-07-30,0.6072056192695929
1396-08-01,0.72628201299933
1396-08-02,0.7659004820285639
1396-08-03,0.7560482288562547
1396-08-06,0.7555361625056356
1396-08-07,0.6497270986909426
1396-08-08,0.6472110268470082
1396-08-09,0.6230080263835138
1396-08-10,0.6327442708877702
1396-08-13,0.5532536468314997
1396-08-14,0.5150866533009134
1396-08-15,0.49611867133705356
1396-08-16,0.5177930404334563
1396-08-17,0.5175152414234914
1396-08-20,0.48798513721121467
1396-08-21,0.49438343782300964
1396-08-22,0.6899746988344815
1396-08-23,0.7240980710997579
1396-08-24,0.7736712765679473
1396-08-27,0.7893698204431089
1396-08-29,0.7882057822319999
1396-08-30,0.78497923384774
1396-09-01,0.7626410574951192
1396-09-04,0.6467112964647777
1396-09-05,0.7618715521052479
1396-09-07,0.7453517864955846
1396-09-08,0.6983864467295362
1396-09-11,0.714614218472574
1396-09-12,0.6813390798615687
1396-09-13,0.7130980786460082
1396-09-14,0.7239602917321779
1396-09-18,0.7427542049793314
1396-09-19,0.7409228147091903
1396-09-20,0.7679778602067834
1396-09-21,0.7841889807991677
1396-09-22,0.5598766756022338
1396-09-25,0.7284256727388844
1396-09-26,0.7027540036786787
1396-09-27,0.6943718468988206
1396-09-28,0.6973122725529497
1396-09-29,0.7651939340267953
1396-10-02,0.7601126450007923
1396-10-03,0.7499828166626649
1396-10-04,0.752809899790433
1396-10-05,0.7089092532725537
1396-10-06,0.5710456939844714
1396-10-09,0.4869382982779482
1396-10-10,0.5245908207503008
1396-10-11,0.5108262868845669
1396-10-12,0.4513057158204716
1396-10-13,0.47741386845296735
1396-10-16,0.44577919220736
1396-10-17,0.33524808963365016
1396-10-18,0.3222196565783061
1396-10-19,0.3270829016200334
1396-10-20,0.2833921810131801
1396-10-23,0.31566604147230953
1396-10-24,0.4944960645843618
1396-10-25,0.6273780301077613
1396-10-26,0.7029486307514383
1396-10-27,0.7144146592968705
1396-10-30,0.5491786907708195
1396-11-01,0.4987165984148377
1396-11-02,0.5019137288849179
1396-11-03,0.5448620751762677
1396-11-04,0.48111962896161525
1396-11-07,0.41632073904834344
1396-11-08,0.39131985381845186
1396-11-09,0.3085423195095194
1396-11-10,0.26421887008774236
1396-11-11,0.2585433882689679
1396-11-14,0.24286930670341472
1396-11-15,0.24713183905932512
1396-11-16,0.2641114637736759
1396-11-17,0.4130854489791835
1396-11-18,0.5790208099005983
1396-11-24,0.5350427185370693
1396-11-25,0.5667068352554112
1396-11-28,0.5023576564791633
1396-11-29,0.4783628464424535
1396-11-30,0.5182321311818621
1396-12-02,0.4802900564511573
1396-12-05,0.41951297798480475
1396-12-06,0.43378478129463566
1396-12-07,0.4695079068329369
1396-12-08,0.5634647598558257
1396-12-09,0.5840378466432987
1396-12-12,0.47853277374698333
1396-12-13,0.40498443944915663
1396-12-14,0.3846441453841435
1396-12-15,0.3383733604168486
1396-12-16,0.28829756112559435
1396-12-19,0.22602181872167837
1396-12-20,0.25303324476849065
1396-12-21,0.26127244135733224
1396-12-22,0.4170567616154531
1396-12-23,0.43527788536172324
1396-12-26,0.4556027903117769
1396-12-27,0.31950894225575266
1396-12-28,0.47982269478309125
1397-01-05,0.5163497784202179
1397-01-06,0.5461039129993636
1397-01-07,0.5367207392361442
1397-01-08,0.6509675456235556
1397-01-14,0.6411648096310937
1397-01-15,0.5793193133838002
1397-01-18,0.49483121713801226
1397-01-19,0.4945720519097685
1397-01-20,0.6470875554835326
1397-01-21,0.5430091681018497
1397-01-22,0.4367725854873965
1397-01-26,0.3379216636560226
1397-01-27,0.30159662501962337
1397-01-28,0.3010497783003479
1397-01-29,0.24218553918628355
1397-02-01,0.2722074975183095
1397-02-02,0.2921036711768417
1397-02-03,0.38725946320572624
1397-02-04,0.4970076412266213
1397-02-05,0.6117771184641668
1397-02-08,0.5110153166602225
1397-02-09,0.3950222185425041
1397-02-10,0.39856389514757595
1397-02-11,0.47514701413745997
1397-02-15,0.3757017899261733
1397-02-16,0.4646362359818522
1397-02-17,0.6217603333356329
1397-02-18,0.5771378457426287
1397-02-19,0.5346157598287411
1397-02-22,0.5331365771288494
1397-02-23,0.5632284805281463
1397-02-24,0.6052854629739108
1397-02-25,0.6262114639975687
1397-02-26,0.6458826672858382
1397-02-29,0.6418722536891999
1397-02-30,0.6898193584692076
1397-02-31,0.7136448450403514
1397-03-01,0.7225290574649335
1397-03-02,0.7332839889932131
1397-03-05,0.7454870809402813
1397-03-06,0.7340383092116095
1397-03-07,0.7388177286272753
1397-03-08,0.7215514707155044
1397-03-09,0.7708012054244741
1397-03-12,0.7560779462620607
1397-03-13,0.7693802032412103
1397-03-19,0.7586890070587659
1397-03-20,0.6564609162650269
1397-03-21,0.7074174063788178
1397-03-22,0.7744397364077948
1397-03-23,0.7760110614759752
1397-03-27,0.7680687799882301
1397-03-28,0.6461367562471335
1397-03-29,0.7202601197180529
1397-03-30,0.5626045485141307
1397-04-02,0.6510066665090143
1397-04-03,0.671342064861887
1397-04-04,0.6579094985288185
1397-04-05,0.5233570529295944
1397-04-06,0.44150789973475507
1397-04-09,0.4487876189714936
1397-04-10,0.4644163493829575
1397-04-11,0.5010805134153736
1397-04-12,0.6021537703800351
1397-04-13,0.5245867865094326
1397-04-16,0.45274327330903347
1397-04-17,0.47937870784229125
1397-04-19,0.5226478424105507
1397-04-20,0.4409941055536638
1397-04-23,0.35375932275078203
1397-04-24,0.37776558495247337
1397-04-25,0.34938980275664466
1397-04-26,0.37076168999795084
1397-05-01,0.48463099879986815
1397-05-02,0.4424742181206421
1397-05-03,0.5766589461118191
1397-05-06,0.6509916422323404
1397-05-07,0.7572563341831966
1397-05-08,0.771061361364393
1397-05-09,0.7896383630525702
1397-05-10,0.5826504183714432
1397-05-13,0.7496121909216777
1397-05-14,0.7683256767497245
1397-05-15,0.639053148010108
1397-05-16,0.571243347972064
1397-05-17,0.5702170903192881
1397-05-20,0.5391783464198014
1397-05-21,0.5340049479270723
1397-05-22,0.5427840030902427
1397-05-23,0.5764777647934457
1397-05-24,0.5210637283310473
1397-05-27,0.5448023688761324
1397-05-28,0.5583518741736326
1397-05-29,0.7660916935186631
1397-05-30,0.6562045726432639
1397-06-03,0.5174262803726155
1397-06-04,0.7096673148964294
1397-06-05,0.7025568488706534
1397-06-06,0.5569020828218463
1397-06-07,0.5333065890415866
1397-06-10,0.42217252805536487
1397-06-11,0.3964311786275835
1397-06-12,0.5264471626323519
1397-06-13,0.5298533002550996
1397-06-14,0.5660913895111874
1397-06-17,0.5601453153753664
1397-06-18,0.6218333507858913
1397-06-19,0.7932701707365077
1397-06-20,0.7876574862604796
1397-06-21,0.6159706324499885
1397-06-24,0.47654866748324665
1397-06-25,0.5045560797988023
1397-06-26,0.4710409895146778
1397-06-27,0.518642316890287
1397-06-31,0.559578051390539
1397-07-01,0.5687026768405261
1397-07-02,0.7671805106334723
1397-07-03,0.7729707021501458
1397-07-04,0.7272868246093095
1397-07-07,0.7639863636229499
1397-07-08,0.732614725394599
1397-07-09,0.46539143549560325
1397-07-10,0.4185263888970923
1397-07-11,0.4003381059677722
1397-07-14,0.3928505217555661
1397-07-15,0.3679467524800951
1397-07-16,0.3780270255850053
1397-07-17,0.36523082070382057
1397-07-18,0.370184541283443
1397-07-21,0.3576857941326115
1397-07-22,0.3805888095635397
1397-07-23,0.42308028281670323
1397-07-24,0.4114081567102689
1397-07-25,0.4200133950574296
1397-07-28,0.44353018551434187
1397-07-29,0.4058951841444267
1397-07-30,0.41660045609392526
1397-08-01,0.3918937688153756
1397-08-02,0.37126754120869565
1397-08-05,0.34269003493390576
1397-08-06,0.35558969695823733
1397-08-07,0.3643996832023726
1397-08-09,0.30643216603321666
1397-08-12,0.2741302618918488
1397-08-13,0.2388168208672707
1397-08-14,0.25414605071613794
1397-08-15,0.2423864865048573
1397-08-19,0.20503822395247778
1397-08-20,0.2367687896464612
1397-08-21,0.28376688261110583
1397-08-22,0.30111649890798653
1397-08-23,0.3634074345112231
1397-08-26,0.23127868023898587
1397-08-27,0.2770667992946438
1397-08-28,0.29319607431424133
1397-08-29,0.32628576070757476
1397-08-30,0.23130279059657807
1397-09-03,0.20154934374879846
1397-09-05,0.23139104234174857
1397-09-06,0.2294103934064819
1397-09-07,0.23067277245169043
1397-09-10,0.26443820438852605
1397-09-11,0.3701000173568398
1397-09-12,0.43440373688109224
1397-09-13,0.5304292969750315
1397-09-14,0.5370096943502929
1397-09-17,0.4807223335557329
1397-09-18,0.4864222361494405
1397-09-19,0.4853215428699179
1397-09-20,0.4844269746504545
1397-09-21,0.40583540715482225
1397-09-24,0.4135576759041771
1397-09-25,0.32850677944505163
1397-09-26,0.25032276528194103
1397-09-27,0.2260617164709824
1397-09-28,0.390463928432439
1397-10-01,0.3836569660228183
1397-10-02,0.5733490780645031
1397-10-03,0.617820937871181
1397-10-04,0.5761839767572046
1397-10-05,0.6467644101553236
1397-10-08,0.6647312976931716
1397-10-09,0.6387550986809409
1397-10-10,0.6234380430080594
1397-10-11,0.5939210667258765
1397-10-12,0.564943066728707
1397-10-15,0.5650346207571595
1397-10-16,0.5631609002876256
1397-10-17,0.6224125234442678
1397-10-18,0.6578181761030991
1397-10-19,0.6791348144311362
1397-10-22,0.6499479548664453
1397-10-23,0.6664696728632338
1397-10-24,0.6690464063910692
1397-10-25,0.6846317847930463
1397-10-26,0.6544141571018859
1397-10-29,0.6681479222388699
1397-10-30,0.6167507460557298
1397-11-01,0.5868736908029581
1397-11-02,0.5809492191047879
1397-11-03,0.5905884349409075
1397-11-06,0.5295667353388034
1397-11-07,0.4126008129112294
1397-11-08,0.4333450105658117
1397-11-09,0.46261370589558176
1397-11-10,0.5677784982044132
1397-11-13,0.5244619341214183
1397-11-14,0.5124899663415321
1397-11-15,0.5533295730348279
1397-11-16,0.6275644864969051
1397-11-17,0.6356804201250095
1397-11-21,0.5986072794430639
1397-11-23,0.5954698054201685
1397-12-01,0.6914869185272533
1397-12-04,0.7079832396230239
1397-12-05,0.6866994253170026
1397-12-06,0.6919563258383318
1397-12-07,0.5740775461710329
1397-12-08,0.5546965093918522
1397-12-11,0.4873308255347387
1397-12-12,0.5127285532491566
1397-12-13,0.4930084775585402
1397-12-14,0.5052024288885028
1397-12-15,0.5187105055663833
1397-12-18,0.5028819812563539
1397-12-19,0.5777084582525487
1397-12-20,0.7122885741191696
1397-12-21,0.7695799527697894
1397-12-22,0.6631791992717757
1397-12-25,0.7258263794416343
1397-12-26,0.6710616320600554
1397-12-27,0.73104499981056
1397-12-28,0.7635953312324089
1398-01-05,0.7406916332094996
1398-01-06,0.758871295884907
1398-01-07,0.7723032262897153
1398-01-10,0.7871667992229902
1398-01-11,0.7393907249071044
1398-01-17,0.740644298070746
1398-01-18,0.7221587689340692
1398-01-19,0.7610085731314692
1398-01-20,0.7746009854794766
1398-01-21,0.7917834799397598
1398-01-24,0.6698194379657165
1398-01-25,0.7488827238411646
1398-01-26,0.7757552036396578
1398-01-27,0.6559102317098694
1398-01-28,0.6799143903881156
1398-01-31,0.7439607879161763
1398-02-02,0.6593966380287107
1398-02-03,0.6860876865379083
1398-02-04,0.7454606035360763
1398-02-07,0.730343322764911
1398-02-08,0.8017817570179844
1398-02-09,0.7970762265993739
1398-02-10,0.712263134157865
1398-02-11,0.77745006733377
1398-02-14,0.7762401242903656
1398-02-15,0.6178478844539296
1398-02-16,0.49851670693054073
1398-02-17,0.5128692430679451
1398-02-18,0.5285707811041362
1398-02-21,0.4754077712195525
1398-02-22,0.5017414206795185
1398-02-23,0.5300991940597862
1398-02-24,0.5242658406995457
1398-02-25,0.5440763262582607
1398-02-28,0.5074843320520573
1398-02-29,0.48951561899042745
1398-02-30,0.5355129075802408
1398-02-31,0.570025000581882
1398-03-01,0.5768129188463516
1398-03-04,0.5732845343553709
1398-03-05,0.5556802294511423
1398-03-07,0.7938922406014515
1398-03-08,0.6923441860821145
1398-03-11,0.5837104119806067
1398-03-12,0.5858048815355783
1398-03-13,0.5876289974982667
1398-03-18,0.6106380785948725
1398-03-19,0.6864430745349158
1398-03-20,0.6265104817020871
1398-03-21,0.5685433180557443
1398-03-22,0.6024851506857676
1398-03-25,0.5792931411540574
1398-03-26,0.5998887596132596
1398-03-27,0.5487037026333434
1398-03-28,0.5931312739966829
1398-03-29,0.4756802007119901
1398-04-01,0.5453788727700893
1398-04-02,0.6446095692592428
1398-04-03,0.8101033308619092
1398-04-04,0.7985107184453927
1398-04-05,0.7593949232394487
1398-04-09,0.6404240892257553
1398-04-10,0.5669996057774348
1398-04-11,0.5042467814614343
1398-04-12,0.48983088772981986
1398-04-15,0.37456072733037277
1398-04-16,0.3960925762397852
1398-04-17,0.46307136622758205
1398-04-18,0.42964531340884854
1398-04-19,0.4500515835994788
1398-04-22,0.39142505943508205
1398-04-23,0.3347676999164833
1398-04-24,0.34146972101637013
1398-04-25,0.28505420776778667
1398-04-26,0.27461394812600304
1398-04-31,0.4521969910929344
1398-05-01,0.41564484100349963
1398-05-02,0.4661571097213706
1398-05-05,0.31919668943734425
1398-05-06,0.4066503683546078
1398-05-07,0.4693394311080536
1398-05-08,0.4653864503854268
1398-05-09,0.3979781599543216
1398-05-12,0.3190640904379373
1398-05-13,0.3079775667678365
1398-05-14,0.29379113113075567
1398-05-15,0.2791266804460083
1398-05-16,0.28401416731324736
1398-05-19,0.33075693920266747
1398-05-20,0.3380194349215871
1398-05-22,0.453862534939051
1398-05-23,0.5639150872205094
1398-05-26,0.5346516522043366
1398-05-27,0.5432568778935231
1398-05-28,0.5481025273026923
1398-05-30,0.5610126317929983
1398-06-02,0.547756827188223
1398-06-03,0.543573973883678
1398-06-04,0.6358296305080287
1398-06-05,0.6179830652672604
1398-06-06,0.6756168882379798
1398-06-09,0.6800478868533175
1398-06-10,0.6204902750317146
1398-06-11,0.5649400895023805
1398-06-12,0.7717790546745782
1398-06-13,0.7670545234058744
1398-06-16,0.7445922205617189
1398-06-17,0.7064540747933576
1398-06-20,0.7456711504399473
1398-06-23,0.7801653910770302
1398-06-24,0.7476152382918689
1398-06-25,0.7423802124547115
1398-06-26,0.5939184326842281
1398-06-27,0.526177938121568
1398-06-30,0.5176154546342044
1398-06-31,0.6170363349241464
1398-07-01,0.8012844926628644
1398-07-02,0.7594380806445996
1398-07-03,0.7756374797661438
1398-07-06,0.7906316936015102
1398-07-07,0.7256870720223562
1398-07-08,0.7674661237569979
1398-07-09,0.6030634723892858
1398-07-10,0.5716662003347982
1398-07-13,0.5144646425595574
1398-07-14,0.5054764902831597
1398-07-15,0.49712244662006855
1398-07-16,0.44760021468027594
1398-07-17,0.4837536392268129
1398-07-20,0.6318427984797836
1398-07-21,0.6500169808781368
1398-07-22,0.56994797138575
1398-07-23,0.5116852953150257
1398-07-24,0.5280465937034091
1398-07-28,0.4506695776774739
1398-07-29,0.6279426372991865
1398-07-30,0.6969780327518801
1398-08-01,0.5193653286444612
1398-08-04,0.5932855394970837
1398-08-06,0.5960312144352085
1398-08-08,0.6804473979382032
1398-08-11,0.5985425780375104
1398-08-12,0.5869077357908209
1398-08-13,0.5086205489001349
1398-08-14,0.520435304009532
1398-08-18,0.5503071780758083
1398-08-19,0.5181960968793612
1398-08-20,0.5100707568036789
1398-08-21,0.4739236291745508
1398-08-22,0.4054738522486062
1398-08-25,0.36972161885103966
1398-08-26,0.3233254949330356
1398-08-27,0.2994208541601487
1398-08-28,0.30661490052879037
1398-08-29,0.30198730491424824
1398-09-02,0.3264473000156581
1398-09-03,0.31704259761722625
1398-09-04,0.3119630816089354
1398-09-05,0.3065844546086781
1398-09-06,0.3384190229105769
1398-09-09,0.4538662910995395
1398-09-10,0.5547236274924716
1398-09-11,0.6394154868610165
1398-09-12,0.7444044574641492
1398-09-13,0.6991293103064707
1398-09-16,0.7456350340126691
1398-09-17,0.7487327852793886
1398-09-18,0.6981071584539744
1398-09-19,0.7142233035763864
1398-09-20,0.7059486721776275
1398-09-23,0.7749579973179864
1398-09-24,0.7484291780271906
1398-09-25,0.7342857672072263
1398-09-26,0.7741885082577126
1398-09-27,0.7764892236514952
1398-09-30,0.7665319320729403
1398-10-01,0.7709636104070137
1398-10-02,0.6857668941037464
1398-10-03,0.6475547274000985
1398-10-04,0.5450306618898263
1398-10-07,0.6639399121043585
1398-10-08,0.7322096697208157
1398-10-09,0.7503193064888041
1398-10-10,0.7532791227261388
1398-10-11,0.7486863652499138
1398-10-14,0.4974894700133781
1398-10-15,0.749037414386693
1398-11-23,0.7344572864509075
1398-11-26,0.7056667479892995
1398-11-27,0.7730120750590598
1398-11-28,0.6735769412667876
1398-11-29,0.668131779230351
1398-11-30,0.56177486481676
1398-12-03,0.6518302789607151
1398-12-04,0.6698803129814036
1398-12-05,0.6287748874482388
1398-12-06,0.6456679116167503
1398-12-07,0.4771020074252694
1398-12-10,0.4015763954643374
1398-12-11,0.3834434759764634
1398-12-12,0.4000499757624633
1398-12-13,0.6541246633031023
1398-12-14,0.5232204234908229
1398-12-17,0.5275013817398286
1398-12-19,0.4023894306813918
1398-12-20,0.3888277709500098
1398-12-21,0.40927790996656244
1398-12-24,0.38065443121664955
1398-12-25,0.3744242160223576
1398-12-26,0.36762151712269864
1398-12-27,0.3730740019966291
1398-12-28,0.3983688119713649
1399-01-05,0.3644841564842116
1399-01-06,0.3647347270058507
1399-01-09,0.35541237356833544
1399-01-10,0.3614671347402921
1399-01-11,0.35673817192348295
1399-01-16,0.43676341543736136
1399-01-17,0.4550858550517011
1399-01-18,0.4894044495113988
1399-01-19,0.5692467157360594
1399-01-20,0.6759941443476996
1399-01-23,0.6523308923802413
1399-01-24,0.6779576380336557
1399-01-25,0.489321431733825
1399-01-26,0.44655698289412343
1399-01-27,0.6754888256757313
1399-01-30,0.6703882034173111
1399-01-31,0.5255080489162557
1399-02-01,0.6444856855189413
1399-02-02,0.5913179086928003
1399-02-07,0.6308490686503154
1399-02-08,0.6239107205236417
1399-02-09,0.6237075292416653
1399-02-10,0.6320545497876094
1399-02-13,0.6242767863192694
1399-02-14,0.6126191626052012
1399-02-15,0.5979032036433736
1399-02-16,0.3984432677375738
1399-02-17,0.4256344293465427
1399-02-20,0.6040608637644213
1399-02-21,0.6152662621691131
1399-02-24,0.39086336631043833
1399-02-27,0.39439072909999473
1399-02-28,0.38129821341078884
1399-02-29,0.3723227934431381
1399-02-30,0.3637490729063285
1399-02-31,0.3558837603360831
1399-03-03,0.33204412255018634
1399-03-06,0.3448052677982777
1399-03-07,0.34210676976565957
1399-03-10,0.31043019394658594
1399-03-11,0.29952905133363683
1399-03-12,0.32998172446096874
1399-03-13,0.37861812357424357
1399-03-17,0.41919932219535677
1399-03-18,0.4322894306560266
1399-03-19,0.40514044839017643
1399-03-20,0.4372511911432252
1399-03-21,0.5033469673964756
1399-03-24,0.5426637483549732
1399-03-25,0.49310552978573097
1399-03-26,0.4066013507621624
1399-03-27,0.5481353241375673
1399-03-31,0.6496344588163969
1399-04-01,0.6333356237049228
1399-04-02,0.6414123150022214
1399-04-03,0.6524251557565042
1399-04-07,0.6402360998533422
1399-04-08,0.4407555044104747
1399-04-09,0.43576078586965206
1399-04-10,0.5469628707987613
1399-04-11,0.6328355796488783
1399-04-14,0.4428146599765411
1399-04-15,0.6222879612208407
1399-04-16,0.6246319611890923
1399-04-17,0.6215509655829354
1399-04-18,0.3934763790554531
1399-04-21,0.5899692689762804
1399-04-22,0.6076767272129097
1399-04-23,0.6044482831574048
1399-04-24,0.5897184349529465
1399-04-28,0.4314603423790301
1399-04-29,0.5924629929951213
1399-04-30,0.6177230331130096
1399-04-31,0.38083149156134144
1399-05-01,0.37824314848402835
1399-05-04,0.3785405383912569
1399-05-05,0.3552709284023699
1399-05-06,0.3516360169292034
1399-05-07,0.34313994922920116
1399-05-08,0.36250318600990744
1399-05-11,0.34335190561635914
1399-05-12,0.36193004860499395
1399-05-13,0.368855052156474
1399-05-20,0.32080380936156616
1399-05-21,0.29910635332192764
1399-05-22,0.3004426710018143
1399-05-25,0.2986492967613025
1399-05-26,0.2634878272978041
1399-05-27,0.3088515293823982
1399-05-28,0.2827693276167276
1399-05-29,0.2890520436089597
1399-06-01,0.34011833479144393
1399-06-02,0.3090429040547667
1399-06-03,0.34520933965435957
1399-06-04,0.32627293557473047
1399-06-05,0.3744536335155529
1399-06-10,0.4347215337220515
1399-06-11,0.4336900964385272
1399-06-12,0.40444963657515903
1399-06-15,0.4136377321251526
1399-06-16,0.46847868055210595
1399-06-17,0.42040548627503027
1399-06-18,0.36984716095525266
1399-06-19,0.4035870549664391
1399-06-22,0.4163366292614217
1399-06-23,0.459022449646586
1399-06-24,0.46477927103474903
1399-06-25,0.5670859259062301
1399-06-26,0.5581971167102507
1399-06-29,0.5114099521065734
1399-06-30,0.4077823070454938
1399-06-31,0.40538779883060605
1399-07-01,0.4084093997644667
1399-07-02,0.4223824628759921
1399-07-05,0.42059101610842103
1399-07-06,0.409740972595708
1399-07-07,0.37263669640292196
1399-07-08,0.38250361269031424
1399-07-09,0.42683478282497295
1399-07-12,0.416481093205843
1399-07-13,0.3699952075535805
1399-07-14,0.3548836313437651
1399-07-15,0.3750944718195947
1399-07-16,0.4021843420852625
1399-07-19,0.39289195904554636
1399-07-20,0.3899566610061916
1399-07-21,0.3666112012884036
1399-07-22,0.3816620364774846
1399-07-23,0.2905987037641651
1399-07-27,0.2858706923179298
1399-07-28,0.3039374353938407
1399-07-29,0.30520652075095567
1399-07-30,0.34058336912532816
1399-08-03,0.2999916650126516
1399-08-05,0.34988610119735636
1399-08-06,0.34169201820661615
1399-08-07,0.3885092817549712
1399-08-10,0.4075463594411869
1399-08-11,0.38295864588437223
1399-08-12,0.3908514256409515
1399-08-14,0.38645319300385356
1399-08-17,0.38279102115819535
1399-08-18,0.32878354766368284
1399-08-19,0.36979106910638604
1399-08-20,0.37582713686805636
1399-08-21,0.37983380015495727
1399-08-24,0.4759485336260449
1399-08-25,0.4418761893071722
1399-08-26,0.4999832708737065
1399-08-27,0.5481316853506146
1399-08-28,0.5715587515443799
1399-09-01,0.4560536655531675
1399-09-02,0.47022479603841216
1399-09-03,0.4706121935463022
1399-09-04,0.43090707276927176
1399-09-05,0.4715437153959601
1399-09-08,0.4903544526817796
1399-09-09,0.47261832654902625
1399-09-10,0.5652670405306943
1399-09-11,0.4852826403604918
1399-09-12,0.4390804008225375
1399-09-15,0.5114192088002493
1399-09-16,0.5490436947931004
1399-09-17,0.46065714589012363
1399-09-18,0.5039887093072815
1399-09-19,0.5765472197604871
1399-09-22,0.6116082924947032
1399-09-23,0.4681952403805183
1399-09-24,0.4137388908430236
1399-09-25,0.442331586423436
1399-09-26,0.44899949184814225
1399-09-29,0.48287691190293824
1399-09-30,0.4770697345093518
1399-10-01,0.4564809634029988
1399-10-02,0.43017960529343646
1399-10-03,0.4125522870322953
1399-10-06,0.35172209785878766
1399-10-07,0.3639867906856352
1399-10-08,0.36583081935633205
1399-10-09,0.4128349217566953
1399-10-10,0.31314818054827054
1399-10-13,0.31031432199004544
1399-10-14,0.3464603357070927
1399-10-15,0.3432180905183421
1399-10-16,0.2912685889715236
1399-10-17,0.300769420299457
1399-10-20,0.30157516003270224
1399-10-21,0.3494571389266244
1399-10-22,0.33513034053607577
1399-10-23,0.3130293341837928
1399-10-24,0.3014087307482021
1399-10-27,0.34340369273526195
1399-10-29,0.34782562729666416
1399-10-30,0.40709211734367845
1399-11-01,0.46309949567171843
1399-11-04,0.44860346514759236
1399-11-05,0.4541583721180936
1399-11-06,0.4978597830217424
1399-11-07,0.46518047224398174
1399-11-08,0.5064468172190032
1399-11-11,0.5528719233167352
1399-11-12,0.43483629535453205
1399-11-13,0.43964617841602294
1399-11-14,0.401516966429708
1399-11-15,0.3799521606908408
1399-11-18,0.4139237828235398
1399-11-19,0.43139153045010575
1399-11-20,0.43791127331262697
1399-11-21,0.45375824934856207
1399-11-25,0.6051602066199657
1399-11-26,0.49772018060697365
1399-11-27,0.4866388528373174
1399-11-28,0.4333000033813613
1399-11-29,0.4205425255876472
1399-12-02,0.42763672869735114
1399-12-03,0.4388928093251998
1399-12-04,0.4294546922519687
1399-12-05,0.45544160696914965
1399-12-06,0.44397112191690974
1399-12-09,0.4539725599236786
1399-12-10,0.41711039329693483
1399-12-11,0.440308284666203
1399-12-12,0.4719701199543179
1399-12-13,0.48008704618062836
1399-12-16,0.401659684899561
1399-12-17,0.42527287659132446
1399-12-18,0.5093712318439236
1399-12-19,0.4342942361378891
1399-12-20,0.4474559007297612
1399-12-23,0.5318422921568876
1399-12-26,0.6051405812278237
1399-12-27,0.5461180475710185
1400-01-07,0.5209599461101136
1400-01-08,0.48742521449784443
1400-01-10,0.5625740522970422
1400-01-11,0.4967273235475425
1400-01-14,0.4251169161666269
1400-01-15,0.3838116716948157
1400-01-16,0.3771340427328193
1400-01-17,0.3544512415632402
1400-01-18,0.3907494566299828
1400-01-21,0.34704962775511206
1400-01-22,0.3186325694658943
1400-01-23,0.3290867664883097
1400-01-24,0.39962044096616567
1400-01-25,0.41367946908573927
1400-01-28,0.3636328709392465
1400-01-29,0.3400814642932115
1400-01-30,0.3282237484743162
1400-01-31,0.3083334642653244
1400-02-01,0.24867524972286514
1400-02-04,0.33380952019297827
1400-02-05,0.26715005423011634
1400-02-06,0.3667341668944706
1400-02-07,0.49473469208336573
1400-02-08,0.45866255702208286
1400-02-11,0.44680112154220425
1400-02-12,0.4184950644814303
1400-02-13,0.3272612483532198
1400-02-15,0.4026622866347057
1400-02-18,0.31841028559337986
1400-02-19,0.28307628117254874
1400-02-20,0.39010873612833513
1400-02-21,0.5063426061100996
1400-02-22,0.4872059870568342
1400-02-25,0.48689418784206595
1400-02-26,0.4531569022206678
1400-02-27,0.4212886930194684
1400-02-28,0.4327551943714777
1400-03-04,0.4224272744533244
1400-03-05,0.46033322927872217
1400-03-08,0.6013446265199034
1400-03-09,0.5307559455254489
1400-03-10,0.44573670812944177
1400-03-11,0.5034014520692028
1400-03-12,0.6225917256765525
1400-03-17,0.6404198550464985
1400-03-18,0.5127844768969467
1400-03-19,0.5335322501834979
1400-03-22,0.464082575319151
1400-03-23,0.46147030680877316
1400-03-24,0.6068042968126256
1400-03-25,0.5300690276553066
1400-03-26,0.6073342458300567
1400-03-29,0.6627696112672994
1400-03-30,0.5440679315573251
1400-03-31,0.5996117700951985
1400-04-01,0.6645224721700881
1400-04-02,0.7002646360193115
1400-04-05,0.5353084160680609
1400-04-06,0.5529779126955792
1400-04-07,0.5549688699925861
1400-04-08,0.57729215018456
1400-04-09,0.5561654350701696
1400-04-12,0.39083791338026913
1400-04-13,0.3785473127253256
1400-04-14,0.4020875549591312
1400-04-15,0.6584200377261059
1400-04-16,0.44322833385000215
1400-04-19,0.40546612224671785
1400-04-20,0.5788100187351803
1400-04-21,0.5898297555909598
1400-04-22,0.5677240969525483
1400-04-23,0.5783729860231447
1400-04-26,0.5447739646016069
1400-04-27,0.4563637674411624
1400-05-04,0.5871500822408324
1400-05-05,0.40912259953680163
1400-05-06,0.5100691301063117
1400-05-09,0.6591619935846769
1400-05-17,0.6484491024763497
1400-05-18,0.6739164680877552
1400-05-19,0.69503579353938
1400-05-20,0.6660975776786249
1400-05-23,0.6528065626404281
1400-05-24,0.6576732595422694
1400-05-31,0.6311110015885101
1400-06-01,0.5814953588129239
1400-06-02,0.6349689908638323
1400-06-03,0.6183459836100997
1400-06-06,0.6525830114814261
1400-06-07,0.43957949063940377
1400-06-08,0.3663466214346481
1400-06-09,0.37981643677036425
1400-06-10,0.39280655979006895
1400-06-13,0.3891143425563804
1400-06-14,0.3767411639141031
1400-06-15,0.33234244532032764
1400-06-16,0.3365840583775437
1400-06-17,0.32440853551419385
1400-06-20,0.26516770409232854
1400-06-21,0.28347654152950713
1400-06-22,0.26623345647030466
1400-06-23,0.29017957630119745
1400-06-24,0.2681264633802733
1400-06-27,0.26692807973808885
1400-06-28,0.27385890704050153
1400-06-29,0.27624132710977656
1400-06-30,0.2725104626982402
1400-06-31,0.31413121557769363
1400-07-03,0.355041195417908
1400-07-04,0.38182478073781717
1400-07-06,0.37423018850190537
1400-07-07,0.43356740563263896
1400-07-10,0.5028827539232172
1400-07-11,0.4862261995630259
1400-07-12,0.5082729267125966
1400-07-14,0.459746721546885
1400-07-17,0.3961682383846484
1400-07-18,0.3900509143798363
1400-07-19,0.3760800057141308
1400-07-20,0.3462133761859928
1400-07-21,0.36446277400317767
1400-07-24,0.4506174460926175
1400-07-25,0.4721577774646433
1400-07-26,0.5011393812215768
1400-07-27,0.4979480678814269
1400-07-28,0.47668651820522784
1400-08-01,0.5514784207090687
1400-08-03,0.4789823954775688
1400-08-04,0.5734903162930878
1400-08-05,0.577747515220377
1400-08-08,0.5683327011041818
1400-08-09,0.419390838018163
1400-08-10,0.5187854073273352
1400-08-11,0.5822230908515159
1400-08-12,0.6076970111926713
1400-08-15,0.5383556188751948
1400-08-16,0.4380212400857691
1400-08-17,0.4889818695123801
1400-08-18,0.4777030128386122
1400-08-19,0.4754467580830693
1400-08-22,0.3920684381100908
1400-08-23,0.3717555235180333
1400-08-24,0.34900153028502007
1400-08-25,0.3316756091148259
1400-08-26,0.3382928662388003
1400-08-29,0.30143002765794147
1400-08-30,0.3432716873738031
1400-09-01,0.35579153479213493
1400-09-02,0.3209456674509876
1400-09-03,0.2989944903517774
1400-09-06,0.2884293920810269
1400-09-07,0.2452190990172196
1400-09-08,0.2724676472926479
1400-09-09,0.27222969983572093
1400-09-10,0.2970261778107863
1400-09-13,0.32527217053897806
1400-09-14,0.34182511062958165
1400-09-15,0.33726855888574275
1400-09-16,0.397462812031753
1400-09-17,0.4377559830596041
1400-09-20,0.4191693581778693
1400-09-21,0.3700227001709796
1400-09-22,0.2767050786095688
1400-09-23,0.35199991902045
1400-09-24,0.33289671129277887
1400-09-27,0.38364536200459565
1400-09-28,0.2956115026370332
1400-09-29,0.37289974526673747
1400-09-30,0.5037069315763575
1400-10-01,0.5726875903832066
1400-10-04,0.4744834920063933
1400-10-05,0.5293223132599703
1400-10-06,0.5215696086083846
1400-10-07,0.5240127304404494
1400-10-08,0.4428072076746579
1400-10-11,0.4034462876185643
1400-10-12,0.4396939518739776
1400-10-13,0.3820337317201255
1400-10-14,0.41805324858243514
1400-10-15,0.4369976157036398
1400-10-18,0.42462613769816826
1400-10-19,0.39128337686957915
1400-10-20,0.3494142837165039
1400-10-21,0.34546030600120037
1400-10-22,0.3274095156655314
1400-10-25,0.2962082706319201
1400-10-26,0.30666199059480403
1400-10-27,0.31307701502858964
1400-10-28,0.3130497082340404
1400-10-29,0.3271120365264431
1400-11-02,0.3823118539642279
1400-11-03,0.38070498029999494
1400-11-04,0.3038496762983409
1400-11-05,0.4177927632110863
1400-11-06,0.50900443692083
1400-11-09,0.5725558908873567
1400-11-10,0.5551803357488418
1400-11-11,0.5686469483138851
1400-11-12,0.5339077307360055
1400-11-13,0.5719647611181141
1400-11-16,0.556799233552755
1400-11-17,0.4575369602375089
1400-11-18,0.47916186143110767
1400-11-20,0.4555291131627941
1400-11-23,0.40312764712714444
1400-11-24,0.3990116442978904
1400-11-25,0.5160988561294092
1400-11-27,0.49943289118234346
1400-11-30,0.5175295476574
1400-12-01,0.5252733033845649
1400-12-02,0.4172443217044523
1400-12-03,0.4659218852832413
1400-12-04,0.4945244516742501
1400-12-07,0.35494754432693665
1400-12-08,0.35008748127457523
1400-12-09,0.3416506460322208
1400-12-11,0.316397935751818
1400-12-14,0.4292903708275539
1400-12-15,0.5879485405437893
1400-12-16,0.5310270618420084
1400-12-17,0.5012472187662449
1400-12-18,0.5011650151569063
1400-12-21,0.4644279066968879
1400-12-22,0.4809378711264387
1400-12-23,0.5000624309435541
1400-12-24,0.4822786798932504
1400-12-25,0.5475327719139068
1400-12-28,0.6416464414880294
1401-01-06,0.6672836304747877
1401-01-07,0.6443014361101712
1401-01-08,0.6498370900094641
1401-01-09,0.46865780955789205
1401-01-10,0.6215958543041579
1401-01-14,0.6858696235817437
1401-01-15,0.48183996391058326
1401-01-16,0.5609797945283796
1401-01-17,0.40189400778901463
1401-01-20,0.39369677163012934
1401-01-21,0.5297602692489223
1401-01-22,0.5756470811543931
1401-01-23,0.3718555637133379
1401-01-24,0.38722836764443364
1401-01-27,0.4067339868733927
1401-01-28,0.4324578480208144
1401-01-31,0.47304880534626376
1401-02-04,0.4020549533431308
1401-02-05,0.43646035699604824
1401-02-06,0.4531598464551014
1401-02-07,0.46767671049845183
1401-02-10,0.42458938957281916
1401-02-11,0.4089110748683377
1401-02-12,0.3805911604868768
1401-02-17,0.4028037845994119
1401-02-18,0.5282940215635387
1401-02-19,0.42659014330846445
1401-02-20,0.3928423052732558
1401-02-21,0.5015953258581867
1401-02-24,0.5631855745907979
1401-02-25,0.5286831878927205
1401-02-26,0.6675168813433304
1401-02-27,0.5999447635447775
1401-02-28,0.6514999142675243
1401-02-31,0.5938970397087227
1401-03-01,0.603392628287304
1401-03-02,0.5001701854978714
1401-03-03,0.44490026149063927
1401-03-04,0.3799445604673017
1401-03-07,0.37253923480506057
1401-03-08,0.33331624437961765
1401-03-09,0.30855336017380225
1401-03-10,0.28656333970164044
1401-03-16,0.34888202940674395
1401-03-17,0.3029596153623877
1401-03-18,0.2877800872423287
1401-03-21,0.3107034250967923
1401-03-22,0.37749545921343297
1401-03-23,0.44049700900552335
1401-03-24,0.48422544284893665
1401-03-25,0.45779686350332277
1401-03-28,0.4717478448603102
1401-03-29,0.4315026418443491
1401-03-30,0.4323445623711751
1401-03-31,0.44686967189468213
1401-04-01,0.4146112174439582
1401-04-04,0.33676793865036264
1401-04-05,0.30470101544788597
1401-04-06,0.31646522092168167
1401-04-07,0.28914717769848824
1401-04-08,0.29312190947242045
1401-04-11,0.2549819968182004
1401-04-12,0.2925230028250921
1401-04-13,0.27446648468551627
1401-04-14,0.3801602650092476
1401-04-15,0.4047693363215396
1401-04-18,0.4070339247261018
1401-04-20,0.4676749333687148
1401-04-21,0.486688192286329
1401-04-22,0.47550921280826747
1401-04-25,0.4479769062084237
1401-04-26,0.44592539736432785
1401-05-02,0.3775654275603162
1401-05-03,0.3102588037238229
1401-05-04,0.3444886687481738
1401-05-05,0.41251890658020685
1401-05-08,0.443781471443174
1401-05-09,0.5462650932596667
1401-05-18,0.6081119823332855
1401-05-19,0.5864420303499073
1401-05-22,0.595158053063031
1401-05-23,0.5468200433701955
1401-05-24,0.543717950723506
1401-05-25,0.4461148803788954
1401-05-26,0.402594370882798
1401-05-30,0.38979657834706366
1401-05-31,0.37776728703814083
1401-06-01,0.36659640185110864
1401-06-02,0.37858137751438703
1401-06-05,0.3813902439225144
1401-06-06,0.37949335497080816
1401-06-07,0.3743545024050653
1401-06-08,0.3177455234739004
1401-06-09,0.30107868576837077
1401-06-12,0.285116808633734
1401-06-13,0.2876560661675451
1401-06-14,0.2755493863215326
1401-06-15,0.27515088529294146
1401-06-16,0.2654871156404891
1401-06-19,0.27887621644727756
1401-06-20,0.2659520979498352
1401-06-21,0.37593001471107484
1401-06-22,0.45153508465454506
1401-06-23,0.4705431577967133
1401-06-27,0.4711253373249171
1401-06-28,0.4591594957645308
1401-06-29,0.439637710305492
1401-06-30,0.36534547183710153
1401-07-02,0.2979539226082261
1401-07-04,0.27314781490205925
1401-07-06,0.3767042604997447
1401-07-09,0.29590564021980065
1401-07-10,0.34139266344049807
1401-07-11,0.30012878753526295
1401-07-12,0.2966110720235981
1401-07-16,0.3160448618375134
1401-07-17,0.311462248032236
1401-07-18,0.299899827185125
1401-07-19,0.4641602069445795
1401-07-20,0.5469571956393185
1401-07-23,0.5206569702900891
1401-07-24,0.5118335341178865
1401-07-25,0.49621340657680746
1401-07-26,0.45725557827330626
1401-07-27,0.4057393302933245
1401-07-30,0.3587256253168135
1401-08-01,0.31663532763114133
1401-08-02,0.3310424936303783
1401-08-03,0.2870752316534635
1401-08-04,0.3065173630249239
1401-08-07,0.36624851186048624
1401-08-08,0.46026704124524737
1401-08-09,0.5316042377822214
1401-08-10,0.5291752131030986
1401-08-11,0.5710656076045822
1401-08-14,0.6282752785797082
1401-08-15,0.6029908116045343
1401-08-16,0.6372189566403713
1401-08-17,0.552893716696351
1401-08-18,0.554843802285572
1401-08-21,0.5231030781098551
1401-08-22,0.4760204821101656
1401-08-23,0.47351909418106497
1401-08-24,0.458155727137341
1401-08-25,0.460917728209128
1401-08-28,0.4299757406268985
1401-08-29,0.4595217810677246
1401-08-30,0.45303993877946475
1401-09-01,0.47719882481344367
1401-09-02,0.4377845683086263
1401-09-05,0.3817039682348349
1401-09-06,0.4066866944763781
1401-09-07,0.4131018520302024
1401-09-12,0.4630865472527575
1401-09-13,0.4806040306846527
1401-09-14,0.49205698210654386
1401-09-15,0.4622740283637509
1401-09-16,0.3807892171956456
1401-09-19,0.34047879936643455
1401-09-20,0.3924947310629564
1401-09-21,0.5956051143726783
1401-09-22,0.7104007098832766
1401-09-23,0.5721792323761066
1401-09-26,0.5301214549725728
1401-09-27,0.6750266995985218
1401-09-28,0.6108265813755842
1401-09-29,0.5510059107480478
1401-09-30,0.5578465316945954
1401-10-03,0.694556605245761
1401-10-04,0.5901386918199333
1401-10-05,0.5888177707513516
1401-10-07,0.6740741329813386
1401-10-10,0.39976026239626705
1401-10-11,0.4168383715518452
1401-10-12,0.4102920239707043
1401-10-13,0.41323295454674863
1401-10-14,0.40222731932264943
1401-10-17,0.4196147502072561
1401-10-18,0.4585850359692808
1401-10-19,0.6351254885130916
1401-10-20,0.6076744397007628
1401-10-21,0.5175938630159427
1401-10-24,0.5951633603151082
1401-10-26,0.6213466330759281
1401-10-27,0.5532490981340544
1401-10-28,0.5554868234734963
1401-11-01,0.3831201297016834
1401-11-02,0.40513580740501004
1401-11-03,0.4303658889154077
1401-11-04,0.40215872865651414
